{"type":"FeatureCollection","features":[{"type":"Feature","properties":{"osm_id":50308299,"waterway":"river","water":"","natural":"","name":"舂陵水","name:zh":"Chongling River","width":"","_kind":"river"},"geometry":{"type":"LineString","coordinates":[[112.5905767,25.8292124],[112.5967687,25.8370534],[112.5982946,25.837296],[112.5996997,25.8355752],[112.6016095,25.8362845],[112.6078,25.8402857],[112.6111973,25.8446271],[112.6110755,25.8461578],[112.6092537,25.8469472],[112.6047786,25.8442053],[112.6028232,25.844049],[112.6013213,25.8443969],[112.599113,25.8472074],[112.5998825,25.8488656],[112.6033385,25.8513596],[112.609401,25.853934],[112.6097685,25.8545672],[112.6087311,25.8564657],[112.6072575,25.8571287],[112.6050471,25.8558629],[112.6033055,25.8564054],[112.6033055,25.8580931],[112.6048461,25.8597809],[112.6050471,25.8616494],[112.6063198,25.8628549],[112.6072575,25.8729202],[112.6080613,25.8743666],[112.6098698,25.8743666],[112.6136209,25.8701478],[112.6167021,25.8696656],[112.6200512,25.8732818],[112.6193144,25.8753911],[112.6199173,25.8771992],[112.6211899,25.877621],[112.6226635,25.8766568],[112.6213239,25.8746077],[112.6217928,25.8727996],[112.6242711,25.8732215],[112.6265485,25.8759938],[112.6282901,25.876717],[112.6367969,25.8723175],[112.6406819,25.8683396],[112.6611786,25.8622521],[112.6651306,25.8596],[112.6694845,25.8553204],[112.6765177,25.852849],[112.6847565,25.8449522],[112.6881057,25.8436862],[112.6972823,25.8431437],[112.7034657,25.8438307],[112.706258,25.8453742],[112.7067939,25.847484],[112.706124,25.8529093],[112.7093392,25.8614083],[112.7085354,25.8747885],[112.710143,25.8808754],[112.7169083,25.8905776],[112.7171092,25.8931687],[112.7144969,25.8976277],[112.7145639,25.9013033],[112.7159705,25.9037737],[112.7183819,25.9046172],[112.7251471,25.9097386],[112.7268887,25.9097386],[112.7303718,25.9061838],[112.7342568,25.9064248],[112.7382088,25.9082323],[112.7406201,25.9105218],[112.7406201,25.9140765],[112.7429609,25.9198543],[112.7421084,25.9242845],[112.7429609,25.9277775],[112.744666,25.9295666],[112.7504444,25.9327186]]}},{"type":"Feature","properties":{"osm_id":50309118,"waterway":"river","water":"","natural":"","name":"耒水","name:zh":"耒水","width":"","_kind":"river"},"geometry":{"type":"LineString","coordinates":[[113.1540543,26.0405025],[113.1566594,26.0435876],[113.1566564,26.0456112],[113.1554134,26.0478249],[113.1508924,26.0496503],[113.1487008,26.0494403],[113.1443886,26.0477039],[113.141935,26.0478834],[113.1399254,26.0492462],[113.1383804,26.0517137],[113.1394104,26.0551065],[113.1424007,26.0570719],[113.1478218,26.0589619],[113.1563765,26.0649154],[113.1570915,26.0671347],[113.1562332,26.0692935],[113.1541791,26.0708897],[113.1502822,26.0709687],[113.1454185,26.069258],[113.1402687,26.0659011],[113.1332306,26.0575739],[113.1268322,26.0549612],[113.1248367,26.051472],[113.1229309,26.0501715],[113.1194977,26.0501715],[113.1158928,26.0517137],[113.1166077,26.0562431],[113.1209636,26.0593177],[113.1246475,26.0631255],[113.1266338,26.0696205],[113.1265358,26.0768489],[113.1239609,26.0811661],[113.1148267,26.0870771],[113.1134909,26.0891633],[113.1132817,26.0919865],[113.1176094,26.0988956],[113.1250191,26.0997235],[113.1310803,26.1016461],[113.1319341,26.1033661],[113.1310058,26.108987],[113.1326258,26.1102491],[113.1428436,26.1103099],[113.1471351,26.11169],[113.1479935,26.1143104],[113.1462768,26.117239],[113.1370071,26.1215547],[113.1248858,26.1223647]]}},{"type":"Feature","properties":{"osm_id":50309161,"waterway":"river","water":"","natural":"","name":"耒水","name:zh":"耒水","width":"","_kind":"river"},"geometry":{"type":"LineString","coordinates":[[113.1075994,25.9293823],[113.1061081,25.9312059],[113.1043915,25.9356828],[113.096495,25.9392333],[113.0938947,25.9412104],[113.0925214,25.9433233],[113.0922035,25.9480319],[113.095665,25.9502597],[113.1011299,25.9514277],[113.103776,25.9542632],[113.1041086,25.955662],[113.1030182,25.9585277],[113.1033615,25.9609972],[113.1038618,25.9633405],[113.1056964,25.9653372],[113.1079495,25.966977],[113.1113183,25.966784],[113.1164682,25.9622408],[113.1178307,25.9627424],[113.1185925,25.9643051],[113.118296,25.9691769],[113.1165794,25.9722634],[113.1167511,25.9775103],[113.1158928,25.9793621],[113.1112862,25.9857026],[113.107236,25.9857846],[113.1045484,25.986995],[113.1033039,25.9882631],[113.1033615,25.9904723],[113.1063616,25.9951102],[113.1119446,25.9943298],[113.1138328,25.9947926],[113.113035,25.9979067],[113.1112579,25.9992671],[113.1105941,26.0026607],[113.1124878,26.0039143],[113.1228089,26.0018411],[113.1245041,26.0033164],[113.1248152,26.0047339],[113.1227592,26.0071356],[113.1232742,26.009604],[113.128624,26.0134312],[113.1316763,26.0196067],[113.1358055,26.0211741],[113.1366638,26.022254],[113.1352905,26.0241051],[113.1354622,26.0261104],[113.1367993,26.0287801],[113.1394104,26.0291954],[113.147653,26.0325556],[113.1499172,26.0346671],[113.1511849,26.0374031],[113.1525627,26.0382966]]}},{"type":"Feature","properties":{"osm_id":50311617,"waterway":"","water":"","natural":"","name":"","name:zh":"","width":"","_kind":"river"},"geometry":{"type":"LineString","coordinates":[[113.31975,25.74525],[113.31875,25.745],[113.31825,25.74375],[113.3175,25.744],[113.3165,25.74275],[113.317,25.741],[113.316,25.74025],[113.31575,25.73825],[113.3145,25.73875],[113.3125,25.73625],[113.31075,25.736],[113.31,25.73475],[113.307015,25.7337745],[113.3066713,25.7347071],[113.3072735,25.7353636],[113.3055974,25.7374015],[113.3024359,25.7376207],[113.2989028,25.7391313],[113.2973289,25.7381625],[113.2975598,25.7389596],[113.2995,25.74],[113.30125,25.73925],[113.3057551,25.7402912],[113.30825,25.7425],[113.308,25.74325],[113.31,25.74525],[113.311,25.74875],[113.30925,25.7495],[113.3115,25.75125],[113.31075,25.75225],[113.314,25.75525],[113.313,25.7565],[113.31125,25.75675],[113.312,25.75725],[113.3115,25.75875],[113.312,25.7605],[113.314,25.76075],[113.3135,25.7615],[113.31425,25.76225],[113.31325,25.76275],[113.31325,25.7635],[113.3145,25.7645],[113.3145,25.766],[113.3155,25.7675],[113.31475,25.76875],[113.31525,25.77],[113.31425,25.77075]]}},{"type":"Feature","properties":{"osm_id":143752419,"waterway":"river","water":"","natural":"","name":"西河","name:zh":"西河","width":"","_kind":"river"},"geometry":{"type":"LineString","coordinates":[[113.0235848,26.0191395],[113.0271432,26.0207568],[113.0290593,26.0254056],[113.0361764,26.0301201],[113.0386318,26.032543],[113.0395805,26.0349618],[113.0452818,26.0378434],[113.047809,26.0419534],[113.047351,26.04657],[113.0459373,26.0491882],[113.0448765,26.04985],[113.0387058,26.0474623],[113.036817,26.0426641],[113.0348522,26.040378],[113.0323378,26.0396782],[113.0286097,26.0407436],[113.0247666,26.0436041],[113.0231825,26.0470674],[113.0226004,26.0506964],[113.0246082,26.0617732],[113.0260065,26.065973],[113.0260992,26.0691482],[113.0248475,26.0710556],[113.0199615,26.0743902],[113.018809,26.0758315],[113.0149979,26.0824531],[113.015051,26.0852286],[113.0143477,26.0870052],[113.010698,26.0902714],[113.0106471,26.0949113],[113.0082389,26.0973441],[113.0081861,26.0981977],[113.0133081,26.1007583],[113.0137573,26.1024175],[113.0106679,26.1027025],[113.0064703,26.1050169],[113.0062721,26.1061349],[113.0079562,26.106981],[113.0108863,26.106843],[113.012759,26.1075131],[113.0132547,26.1090098],[113.0118661,26.1132286],[113.0130965,26.1144097],[113.0155829,26.1150356],[113.0175256,26.1164264],[113.0168757,26.119149],[113.0148686,26.1214217],[113.0182278,26.1317125],[113.0174631,26.13327],[113.0149067,26.1343724],[113.0142058,26.1357485],[113.015301,26.1368711],[113.0226229,26.1372338],[113.0241067,26.1385861],[113.0232353,26.1419584],[113.023605,26.1438545],[113.0254183,26.1463315],[113.0293021,26.1468579],[113.0328238,26.148133],[113.0329513,26.1513911],[113.029585,26.1557697],[113.0294134,26.1573632],[113.0308391,26.1587377],[113.0347273,26.1595028],[113.0382845,26.1582638],[113.0400408,26.1590454],[113.043234,26.1670414],[113.043326,26.1686171],[113.0394137,26.176285]]}},{"type":"Feature","properties":{"osm_id":143752420,"waterway":"river","water":"","natural":"","name":"","name:zh":"","width":"","_kind":"river"},"geometry":{"type":"LineString","coordinates":[[112.7005262,25.5889234],[112.7019933,25.5917804],[112.7010152,25.5923597],[112.7008327,25.5935578],[112.7023071,25.5958684],[112.7013875,25.5975667],[112.7020006,25.5986397],[112.7043363,25.5998706],[112.7064311,25.5994757],[112.7062778,25.5982184],[112.7108032,25.6000813],[112.7121098,25.5990017],[112.7129199,25.5995086],[112.7132192,25.5987384],[112.7145987,25.5984751],[112.7160877,25.5993769],[112.7171388,25.5987713],[112.7190584,25.6005815],[112.7201898,25.600575],[112.7203577,25.6017269],[112.7214014,25.6027142],[112.7224233,25.6061436],[112.7214087,25.6066833],[112.7215912,25.6076443]]}},{"type":"Feature","properties":{"osm_id":143752421,"waterway":"river","water":"","natural":"","name":"西河","name:zh":"西河","width":"","_kind":"river"},"geometry":{"type":"LineString","coordinates":[[112.8121154,25.7576416],[112.8136079,25.7583548],[112.8149014,25.7609546],[112.8214015,25.7591532],[112.8288333,25.7637601],[112.8307358,25.7660992],[112.834082,25.7670238],[112.8354578,25.769135],[112.8367667,25.7740463],[112.836704,25.7765222],[112.8389162,25.7788968],[112.8413145,25.7769611],[112.8424887,25.7744044],[112.8426568,25.7713942],[112.8436669,25.77052],[112.8471835,25.771296],[112.8515196,25.7742055],[112.8508921,25.7794977],[112.8534554,25.7802343],[112.8577639,25.7791048],[112.8606545,25.7793995],[112.8620613,25.7807505],[112.8621214,25.7820235],[112.8612287,25.7834193],[112.8546438,25.7866659],[112.852201,25.7949173],[112.8503467,25.7972252],[112.8508376,25.8034611],[112.8530736,25.804885],[112.854219,25.8047377],[112.8597273,25.8066035],[112.8611194,25.8064412],[112.8628636,25.8054022],[112.8653396,25.8008736],[112.8660538,25.7962431],[112.8677444,25.7948191],[112.8699862,25.7952463],[112.8737886,25.7993999],[112.8743981,25.8056706],[112.8754889,25.806849],[112.8801246,25.8073891],[112.8811681,25.8081601],[112.8716987,25.8178222],[112.8718187,25.8185881],[112.8800369,25.8242335],[112.8804952,25.8277434],[112.8794756,25.831076],[112.8839643,25.833335],[112.8840625,25.8343511],[112.88241,25.8361377],[112.8822737,25.8388179],[112.8863259,25.8395149],[112.8898188,25.8437027],[112.890577,25.8462129],[112.8941194,25.8491852]]}},{"type":"Feature","properties":{"osm_id":143752433,"waterway":"river","water":"","natural":"","name":"","name:zh":"","width":"","_kind":"river"},"geometry":{"type":"LineString","coordinates":[[112.8473042,25.687186],[112.846524,25.6889076],[112.8448762,25.6903859],[112.8461813,25.692725],[112.8478583,25.6988879],[112.8484635,25.7020678],[112.8478218,25.705471],[112.8445918,25.7059834],[112.8440158,25.707166],[112.8444751,25.7085061],[112.8424627,25.7090383],[112.841143,25.7121062],[112.8398889,25.7129668],[112.8404795,25.7143923],[112.839991,25.7151281],[112.8382557,25.7163959],[112.8361485,25.7160806],[112.8359224,25.7171185],[112.8337351,25.7177623],[112.834435,25.7194045],[112.8339538,25.7203767],[112.830906,25.7185177],[112.8278729,25.7202059],[112.8265458,25.7195162],[112.8248688,25.7198381],[112.8232465,25.7193513],[112.8246938,25.7221503],[112.8244532,25.7231422],[112.8221783,25.7232999],[112.8200493,25.7256646],[112.8153172,25.7278847],[112.8149016,25.730407],[112.8155506,25.7313923],[112.8182556,25.731412],[112.820443,25.7326074],[112.8198925,25.7345745],[112.8200594,25.7377286],[112.819256,25.7400094],[112.817242,25.7409398],[112.8148744,25.7485426],[112.8135902,25.7488781],[112.8120809,25.7479849],[112.8113548,25.7485439],[112.8109156,25.7525331],[112.8119518,25.7543014],[112.8121154,25.7576416]]}},{"type":"Feature","properties":{"osm_id":155955250,"waterway":"river","water":"","natural":"","name":"舂陵水","name:zh":"舂陵水","width":"","_kind":"river"},"geometry":{"type":"LineString","coordinates":[[112.7504444,25.9327186],[112.7528126,25.938341],[112.7526232,25.9404706],[112.7487393,25.9408965],[112.7465606,25.9385965],[112.7444766,25.9380003],[112.7431504,25.9387669],[112.7421084,25.9414928],[112.7372773,25.9414076],[112.7337723,25.9426002],[112.7302674,25.9460074],[112.7292254,25.948648],[112.7308358,25.9523106],[112.7309305,25.9539289],[112.7272361,25.9582727],[112.7271414,25.9621905],[112.7250574,25.9646604],[112.7211735,25.9667044],[112.7181422,25.9669598],[112.7164371,25.9687483],[112.7158687,25.9708774],[112.7141636,25.9719845],[112.7102798,25.9713883],[112.7076274,25.9720696],[112.7058276,25.9735174],[112.7045014,25.9757315],[112.6989125,25.977605],[112.6971126,25.9795636],[112.6973021,25.9856946],[112.6955023,25.9885046],[112.6881135,25.9902075],[112.6862189,25.993954],[112.6857453,25.9966786],[112.6839454,25.9982112],[112.6768409,25.9982963],[112.6744727,26.0002546],[112.673999,26.0018722],[112.6748516,26.0038304],[112.6792091,26.0040858],[112.6810089,26.0110669],[112.6846085,26.015664],[112.684798,26.0222188],[112.6881135,26.0291988],[112.6904817,26.0377105],[112.6916184,26.0500513],[112.6968284,26.0560936],[112.6972074,26.0596677],[112.6953128,26.0667306],[112.698723,26.0705597],[112.6950286,26.0744738],[112.694555,26.0772816],[112.6918079,26.0803446],[112.6912395,26.0827269],[112.688966,26.0865555],[112.6890608,26.0886824],[112.6912395,26.0913197],[112.6913342,26.095063],[112.6872987,26.0960718]]}},{"type":"Feature","properties":{"osm_id":155955261,"waterway":"river","water":"","natural":"","name":"西河","name:zh":"西河","width":"","_kind":"river"},"geometry":{"type":"LineString","coordinates":[[112.7538165,25.7189667],[112.7592419,25.718353],[112.7647834,25.7167305],[112.7656073,25.7173151],[112.7656146,25.7186618],[112.7670583,25.7205865],[112.7654469,25.7230958],[112.7666427,25.7284624],[112.7704634,25.73197],[112.7765357,25.7338002],[112.7768844,25.7391858],[112.7777025,25.7415632],[112.7799314,25.7422276],[112.7843437,25.7394201],[112.7883267,25.7383087],[112.7920628,25.7381004],[112.8018628,25.7466436],[112.8009896,25.7486524],[112.8036074,25.754547],[112.8055708,25.7561189],[112.8092794,25.7575925],[112.8121154,25.7576416]]}},{"type":"Feature","properties":{"osm_id":155955285,"waterway":"","water":"reservoir","natural":"water","name":"肖家山水库","name:zh":"肖家山水库","width":"","_kind":"water"},"geometry":{"type":"Polygon","coordinates":[[[112.7129189,25.5898963],[112.7141594,25.5931476],[112.7139544,25.5941616],[112.713182,25.5943165],[112.7135521,25.5947616],[112.7178172,25.5928926],[112.717571,25.5920977],[112.7181718,25.591294],[112.7176549,25.5910561],[112.7184096,25.5900807],[112.7180153,25.5893039],[112.7191392,25.5884357],[112.7164423,25.588187],[112.7188389,25.5863417],[112.7190067,25.5853544],[112.7164972,25.5851045],[112.7158534,25.5842626],[112.7148557,25.5845239],[112.7149951,25.5851045],[112.7121949,25.5834401],[112.7104461,25.5834401],[112.7097273,25.5812627],[112.7075516,25.5807946],[112.7070626,25.5811039],[112.7097487,25.5848335],[112.7119848,25.5865856],[112.7131743,25.5892381],[112.7129189,25.5898963]]]}},{"type":"Feature","properties":{"osm_id":155955288,"waterway":"","water":"","natural":"water","name":"","name:zh":"","width":"","_kind":"water"},"geometry":{"type":"Polygon","coordinates":[[[112.780523,25.8149696],[112.7815883,25.8148448],[112.7827119,25.8119417],[112.7821063,25.8115804],[112.7812527,25.8123883],[112.780523,25.8149696]]]}},{"type":"Feature","properties":{"osm_id":155955296,"waterway":"river","water":"","natural":"","name":"","name:zh":"","width":"","_kind":"river"},"geometry":{"type":"LineString","coordinates":[[112.7687022,25.934573],[112.7664931,25.9325996],[112.7658133,25.9299617],[112.7621265,25.9300348],[112.7611365,25.9293371],[112.7574416,25.9319728],[112.7558639,25.9308495],[112.7532334,25.9307692],[112.7504444,25.9327186]]}},{"type":"Feature","properties":{"osm_id":155955353,"waterway":"river","water":"","natural":"","name":"","name:zh":"","width":"","_kind":"river"},"geometry":{"type":"LineString","coordinates":[[112.7538165,25.7189667],[112.7642074,25.7189508],[112.7642147,25.7215127],[112.7654323,25.7244884],[112.766001,25.7284296],[112.7689832,25.7314051],[112.7691728,25.7333427],[112.7724645,25.7376339],[112.7775201,25.7412515]]}},{"type":"Feature","properties":{"osm_id":155955384,"waterway":"","water":"","natural":"","name":"","name:zh":"","width":"","_kind":"river"},"geometry":{"type":"LineString","coordinates":[[112.7157696,25.9046172],[112.7178634,25.9049044],[112.7250918,25.9100071],[112.7269217,25.9102129],[112.7280655,25.9096779],[112.7311764,25.9066328],[112.7365748,25.9076204],[112.7404177,25.9103363],[112.7402347,25.9146982],[112.7424306,25.9198828],[112.7415156,25.9242443],[112.7421561,25.9286056],[112.7436201,25.9300045],[112.7462735,25.9305805],[112.7502994,25.9332959],[112.7520293,25.937464],[112.7515034,25.9386332],[112.7521371,25.9389838],[112.7516719,25.9401253],[112.749293,25.9401253],[112.7446266,25.9377392],[112.7427966,25.9380683],[112.7419731,25.9402899],[112.740943,25.9408087],[112.7360021,25.9410967],[112.7336689,25.9419195],[112.72946,25.9458688],[112.7277673,25.9454162],[112.728728,25.9470206],[112.7284077,25.9503527],[112.729643,25.9516279],[112.7302377,25.9536435],[112.7268065,25.9578804],[112.726532,25.9621171],[112.7246106,25.964585],[112.7208592,25.9663125],[112.7181142,25.9657778],[112.7155523,25.9685335],[112.7120683,25.9697893],[112.7111254,25.9690433],[112.7105617,25.9701536],[112.7071345,25.9710424],[112.7055333,25.9722351],[112.7047098,25.9740037],[112.7018276,25.9749907],[112.6987801,25.9771377],[112.6960702,25.9777602],[112.6968867,25.9781986],[112.6967037,25.9852722],[112.6951483,25.9872872],[112.6927698,25.9886489],[112.690543,25.9888647],[112.6875522,25.9868631],[112.6884036,25.9889432],[112.6871344,25.9896175],[112.6871811,25.9908859],[112.6854952,25.9932911],[112.6847175,25.9960462],[112.6827045,25.9980611],[112.6789531,25.9975676],[112.6778094,25.9964985],[112.6754762,25.9970331],[112.6747442,25.9997469],[112.6728685,26.0016384],[112.674058,26.0042699],[112.6736463,26.005339],[112.675156,26.0065725],[112.6774892,26.0044344],[112.6790904,26.0055857],[112.6800054,26.0091217],[112.6790446,26.0106841],[112.6800054,26.0115475],[112.6797309,26.0124109],[112.6809661,26.0124931],[112.6818811,26.0154533],[112.683711,26.0157823],[112.6843515,26.0176734],[112.6837568,26.0194824],[112.6825673,26.0200168],[112.6838025,26.0207157],[112.683894,26.0219491],[112.6827503,26.0224013],[112.6849462,26.0228535],[112.6869592,26.0309932],[112.6892009,26.0343229],[112.6896126,26.0377758],[112.6888349,26.0385157],[112.6907106,26.0410642],[112.6897041,26.0432839],[112.6883774,26.0436949],[112.6908021,26.0455034],[112.6912737,26.050113]]}},{"type":"Feature","properties":{"osm_id":155955387,"waterway":"","water":"","natural":"","name":"","name:zh":"","width":"","_kind":"river"},"geometry":{"type":"LineString","coordinates":[[112.6929066,26.0492437],[112.6914426,26.0442703],[112.6913968,26.0389679],[112.6945535,26.0401188],[112.6969325,26.039009],[112.6970697,26.0364604],[112.6960175,26.0369948],[112.6956972,26.0362138],[112.697573,26.0346929],[112.6951025,26.0357205],[112.693547,26.035515],[112.6924033,26.0365016],[112.6904361,26.0350628],[112.6917628,26.0336652],[112.695011,26.0340763],[112.6894296,26.0314043],[112.6909851,26.0297189],[112.6877369,26.0278278],[112.6871879,26.0263479],[112.6875539,26.0253202],[112.6886062,26.0253202],[112.6898871,26.0242102],[112.6891551,26.0233469],[112.6904819,26.0235113],[112.6894754,26.0217024],[112.6865475,26.021908],[112.6861357,26.0209624],[112.6868677,26.0197702],[112.6885604,26.0191535],[112.6871879,26.0184957],[112.6870964,26.017879],[112.6884689,26.0176734],[112.6885604,26.0168101],[112.6871422,26.0168923],[112.686456,26.0162345],[112.6858155,26.0142199],[112.6865475,26.0133154],[112.6853122,26.0129454],[112.6838025,26.013891],[112.6818811,26.0108074],[112.682796,26.0102318],[112.6818811,26.0095329],[112.6819726,26.0086283],[112.6836195,26.0071892],[112.6813778,26.0077238],[112.6811033,26.0041466],[112.6751102,26.0024608],[112.6754762,26.0007338],[112.6767572,25.9995825],[112.6800054,25.9989246],[112.6820183,25.9991713],[112.6827045,26.0001993],[112.6832078,25.9991713],[112.6845345,25.9988834],[112.6852665,25.9978143],[112.6865932,25.9978143],[112.6860442,25.9969919],[112.686822,25.9958406],[112.6866285,25.9944976],[112.6882508,25.9925539],[112.6887892,25.9904126],[112.6927018,25.989478],[112.6944163,25.9900013],[112.6954685,25.9890967],[112.6967495,25.9890555],[112.6964292,25.9879452],[112.6977102,25.9865881],[112.6979389,25.9852722],[112.6983049,25.9786921],[112.7000891,25.9774995],[112.7020573,25.9778977],[112.7030085,25.9791116],[112.7052533,25.9798744],[112.7049114,25.9768938],[112.70686,25.9733045],[112.7085984,25.9721117],[112.7107029,25.9719472],[112.7111604,25.9726875],[112.7133106,25.9732222],[112.7134478,25.972523],[112.716879,25.970975],[112.7173416,25.968857],[112.7184345,25.9678343],[112.7193037,25.9682867],[112.7195324,25.9675053],[112.7230551,25.9670528],[112.7240007,25.9661452],[112.726532,25.9665181],[112.726166,25.9647906],[112.7276758,25.962734],[112.728179,25.9580038],[112.7289567,25.95714],[112.7327081,25.956852],[112.7323879,25.9559882],[112.7309239,25.9557825],[112.7318389,25.9526974],[112.7302835,25.9501881],[112.7302377,25.9472263],[112.7311984,25.9456219],[112.7367341,25.942084],[112.7430711,25.9421823],[112.7439861,25.9388911],[112.7450841,25.9387266],[112.7497505,25.9417709],[112.7516811,25.9413428]]}},{"type":"Feature","properties":{"osm_id":155955397,"waterway":"","water":"","natural":"","name":"","name:zh":"","width":"","_kind":"water"},"geometry":{"type":"Polygon","coordinates":[[[112.720122,25.875504],[112.7217324,25.8756744],[112.7230586,25.8749073],[112.7235086,25.8752056],[112.723106,25.8758236],[112.7243374,25.8756318],[112.7249768,25.8768889],[112.7254505,25.8757383],[112.7264214,25.8759088],[112.7269898,25.8769955],[112.727274,25.875994],[112.728837,25.8768037],[112.7291685,25.8783592],[112.7253794,25.8788705],[112.7226797,25.8784444],[112.7215193,25.876825],[112.7194116,25.8764628],[112.720122,25.875504]]]}},{"type":"Feature","properties":{"osm_id":155955406,"waterway":"","water":"","natural":"","name":"","name:zh":"","width":"","_kind":"water"},"geometry":{"type":"Polygon","coordinates":[[[112.7173102,25.8718956],[112.7185158,25.8721367],[112.7196545,25.8734626],[112.7173102,25.8732215],[112.7173102,25.8718956]]]}},{"type":"Feature","properties":{"osm_id":155955408,"waterway":"","water":"","natural":"","name":"","name:zh":"","width":"","_kind":"river"},"geometry":{"type":"LineString","coordinates":[[112.710143,25.8675561],[112.7111477,25.8643014],[112.7111126,25.8581965],[112.7122864,25.8564054],[112.7105415,25.8550663],[112.7097696,25.8519739],[112.7090654,25.8506139],[112.7082005,25.8503775],[112.706338,25.8449964],[112.7036457,25.8430231],[112.6958087,25.8421791],[112.6972153,25.8368137],[112.6949379,25.8395266],[112.6944021,25.8422394],[112.6869,25.8427217],[112.6836178,25.8445302],[112.6778573,25.8500158],[112.6735034,25.8532107],[112.6680109,25.8555012],[112.6630541,25.8594192],[112.6552172,25.8633973],[112.644366,25.8664712],[112.6546002,25.8651712],[112.6623173,25.8629151],[112.6694175,25.857189],[112.6787281,25.8530901],[112.6848905,25.8463387],[112.6883736,25.8447713],[112.698421,25.8442891],[112.7042485,25.8451933],[112.7055882,25.8460976],[112.7047844,25.8525476],[112.7075307,25.8609261],[112.7045834,25.8597809],[112.7073967,25.8631562],[112.7071958,25.8681588]]}},{"type":"Feature","properties":{"osm_id":155955411,"waterway":"","water":"","natural":"","name":"","name:zh":"","width":"","_kind":"river"},"geometry":{"type":"LineString","coordinates":[[112.7071958,25.8681588],[112.7075977,25.8763554],[112.7055212,25.8710518],[112.7037796,25.8714134],[112.7054542,25.874005],[112.7057891,25.8761144],[112.7042485,25.8756322],[112.7039806,25.8738242],[112.7017702,25.8735228],[112.6996267,25.8742461],[112.702373,25.8747282],[112.7023673,25.8761371],[112.706124,25.8775608],[112.7118846,25.8873235],[112.7146978,25.8897942],[112.7155016,25.891843],[112.7151667,25.8935302],[112.7144299,25.8933495],[112.7133582,25.8941328],[112.7112817,25.8938918],[112.7085354,25.8913609],[112.7057891,25.8903365],[112.7028419,25.8900955],[112.7072627,25.8923251],[112.7071288,25.8935302],[112.7045165,25.8957598],[112.7085354,25.8940123],[112.7106789,25.8959405],[112.7128893,25.8953982],[112.7119515,25.8999777],[112.7138271,25.9031109],[112.7157696,25.9046172]]}},{"type":"Feature","properties":{"osm_id":155955417,"waterway":"","water":"","natural":"","name":"","name:zh":"","width":"","_kind":"water"},"geometry":{"type":"Polygon","coordinates":[[[112.719009,25.8750352],[112.7191511,25.8755679],[112.7180617,25.8758875],[112.719009,25.8750352]]]}},{"type":"Feature","properties":{"osm_id":155955419,"waterway":"","water":"","natural":"","name":"","name:zh":"","width":"","_kind":"water"},"geometry":{"type":"Polygon","coordinates":[[[112.7209272,25.8716898],[112.7229639,25.872393],[112.7227034,25.872947],[112.7214245,25.872947],[112.7206667,25.8721799],[112.7209272,25.8716898]]]}},{"type":"Feature","properties":{"osm_id":155955420,"waterway":"","water":"","natural":"","name":"","name:zh":"","width":"","_kind":"water"},"geometry":{"type":"Polygon","coordinates":[[[112.715504,25.87267],[112.716475,25.8730962],[112.7164987,25.873778],[112.7158356,25.8738632],[112.715504,25.87267]]]}},{"type":"Feature","properties":{"osm_id":155955421,"waterway":"","water":"","natural":"","name":"","name:zh":"","width":"","_kind":"river"},"geometry":{"type":"LineString","coordinates":[[112.7516811,25.9413428],[112.7539649,25.9408533],[112.7543958,25.9368138],[112.7526422,25.9353558],[112.7521855,25.9342544],[112.7527305,25.9339236],[112.7514158,25.9324654],[112.753439,25.9308758],[112.7548852,25.9307181],[112.7529932,25.9306503],[112.7508753,25.9319596],[112.7503909,25.9312388],[112.7440776,25.9286056],[112.7428881,25.926137],[112.7430711,25.9195536],[112.7411497,25.9142867],[112.7417901,25.9112416],[112.7406922,25.9091841],[112.7376727,25.9070443],[112.7298954,25.9052336],[112.7284314,25.9059743],[112.7285229,25.9074558],[112.7269675,25.909431],[112.7245885,25.9086903],[112.7207456,25.9051513],[112.7181837,25.9036698],[112.7162464,25.9034942],[112.7162202,25.8987171],[112.7167722,25.898419],[112.7187659,25.9001492],[112.7191901,25.899867],[112.7179241,25.899066],[112.7176488,25.8978759],[112.7196299,25.8969516],[112.7198261,25.8975425],[112.720647,25.8970647],[112.7220706,25.8973497],[112.7216692,25.896637],[112.7225822,25.8960992],[112.7237407,25.8969204],[112.7243075,25.8955481],[112.7260426,25.895394],[112.7246524,25.8944912],[112.7194412,25.8962819],[112.7185909,25.8958384],[112.7189113,25.8948295],[112.7181965,25.8945191],[112.7187284,25.8944576],[112.7191955,25.8929294],[112.717457,25.894253],[112.7178637,25.8950401],[112.7168778,25.8964038],[112.7161014,25.8971023],[112.7157781,25.8967635],[112.718388,25.8911727],[112.7170373,25.8872666],[112.7167627,25.8832935],[112.7211926,25.8813909],[112.7220652,25.8813241],[112.722168,25.8818535],[112.7235129,25.8812653],[112.7240453,25.8818283],[112.7235129,25.8822064],[112.7243816,25.8828955],[112.7250701,25.8820824],[112.726793,25.8824629],[112.7283389,25.8837516],[112.7292226,25.8863789],[112.7300501,25.8865346],[112.7303907,25.8860215],[112.7289893,25.8832388],[112.7295855,25.8827368],[112.7319497,25.8836349],[112.7321463,25.8832172],[112.7293788,25.8819809],[112.7274201,25.8820399],[112.7258666,25.8803736],[112.7268109,25.8796494],[112.7318571,25.8785868],[112.733619,25.8796195],[112.7337535,25.8789272],[112.7303669,25.8772628],[112.7295075,25.8760893],[112.7297581,25.8753671],[112.7258672,25.8746848],[112.7237892,25.8730581],[112.7239234,25.8710497],[112.7252385,25.8704488],[112.7252794,25.8682062],[112.7214915,25.8686846],[112.7243292,25.8678448],[112.7267164,25.8680282],[112.7263518,25.8673089],[112.7254678,25.8669318],[112.720267,25.8684067],[112.7187757,25.8672977],[112.7214747,25.8675306],[112.7238163,25.866211],[112.725172,25.8645143],[112.7248885,25.8626401],[112.7225839,25.8611097],[112.7213145,25.8613204],[112.720649,25.8607881],[112.7226455,25.8591911],[112.7260963,25.8611208],[112.7266879,25.8627732],[112.7275259,25.8624626],[112.7275752,25.8613537],[112.7293622,25.8613093],[112.7298552,25.8613758],[112.7298798,25.8622741],[112.728709,25.8623407],[112.7299784,25.8634385],[112.730952,25.8624072],[112.7336001,25.8631788]]}},{"type":"Feature","properties":{"osm_id":156071732,"waterway":"","water":"","natural":"","name":"","name:zh":"","width":"","_kind":"water"},"geometry":{"type":"Polygon","coordinates":[[[112.8830463,25.700672],[112.8803426,25.7003675],[112.8779125,25.6988159],[112.8770328,25.6990527],[112.8770274,25.7006092],[112.8786957,25.7026635],[112.8784302,25.7049232],[112.8773949,25.7059503],[112.8770167,25.704974],[112.8760484,25.705148],[112.8762361,25.7060325],[112.8754744,25.7065745],[112.8779528,25.7095247],[112.8789103,25.7096238],[112.8791302,25.7109082],[112.8807342,25.7116102],[112.881787,25.7149742],[112.8846975,25.7133785],[112.883749,25.711139],[112.8837973,25.7082752],[112.8850298,25.7073508],[112.8857627,25.7081792],[112.8861093,25.7064023],[112.8880835,25.7066174],[112.8888613,25.7076614],[112.8881934,25.7085966],[112.8890946,25.7093096],[112.890763,25.7092927],[112.8924434,25.7109746],[112.8914738,25.7087924],[112.8919834,25.7084299],[112.8918064,25.7069823],[112.8895587,25.7064627],[112.8878367,25.7039311],[112.8892113,25.7035795],[112.8887849,25.702162],[112.8878407,25.7018901],[112.8868228,25.7001754],[112.8853798,25.6996376],[112.8830463,25.700672]]]}},{"type":"Feature","properties":{"osm_id":156072121,"waterway":"stream","water":"","natural":"","name":"","name:zh":"","width":"","_kind":"river"},"geometry":{"type":"LineString","coordinates":[[112.7886272,25.4591165],[112.7905513,25.4558855],[112.7889479,25.4539639]]}},{"type":"Feature","properties":{"osm_id":156072124,"waterway":"stream","water":"","natural":"","name":"","name:zh":"","width":"","_kind":"river"},"geometry":{"type":"LineString","coordinates":[[113.0732245,25.4651307],[113.070126,25.4661797],[113.068466,25.4648809],[113.0674701,25.4630825],[113.0647546,25.4629437],[113.0620301,25.4617729],[113.0619364,25.4610927],[113.0601311,25.4602279],[113.0610065,25.4593878],[113.0602155,25.4577858],[113.0593985,25.4577392],[113.0578724,25.4558083],[113.0586725,25.4538403],[113.0561273,25.4543899],[113.0544674,25.4540401],[113.0526913,25.452352]]}},{"type":"Feature","properties":{"osm_id":156072132,"waterway":"river","water":"","natural":"","name":"Qingtou River","name:zh":"","width":"","_kind":"river"},"geometry":{"type":"LineString","coordinates":[[113.1793968,25.5448648],[113.1759683,25.5426167],[113.1754801,25.5411572],[113.1764029,25.5395364],[113.1794046,25.537515],[113.1798059,25.5356514],[113.1779282,25.527868],[113.178968,25.5266022],[113.1792768,25.5235424],[113.1755958,25.5205027],[113.1792857,25.5174225],[113.1795257,25.5165467],[113.1790018,25.5130532],[113.1753568,25.5090441],[113.1753037,25.5075847],[113.1778177,25.5034072],[113.1756548,25.5014767],[113.1779333,25.4974944],[113.1736972,25.4936708],[113.1689194,25.4932707],[113.166242,25.4921376],[113.1661749,25.4907958],[113.1678114,25.4873692],[113.1670949,25.4858684],[113.1659558,25.4855621],[113.1651267,25.4844672],[113.1647819,25.4828665],[113.1654222,25.4784645],[113.1625161,25.4722836],[113.1585756,25.4695265],[113.157886,25.4682813],[113.1597577,25.4649461],[113.1619743,25.465791],[113.1629101,25.4647682],[113.1614817,25.4629893],[113.1624176,25.4614328],[113.1663088,25.4622778],[113.1709389,25.4604989],[113.171333,25.4574303],[113.1789677,25.4540947],[113.1811455,25.4516609]]}},{"type":"Feature","properties":{"osm_id":156072147,"waterway":"river","water":"","natural":"","name":"","name:zh":"","width":"","_kind":"river"},"geometry":{"type":"LineString","coordinates":[[113.0359991,25.5151725],[113.0365956,25.513078],[113.0362818,25.5116215],[113.0345894,25.509006],[113.0358053,25.5087912],[113.0364217,25.5079838],[113.036124,25.5070111],[113.0314187,25.5013737],[113.0312224,25.5003875],[113.0313072,25.4993837],[113.0348209,25.4947609],[113.0351858,25.4932063],[113.0321663,25.4913305],[113.0318504,25.4905699],[113.033685,25.4892621],[113.0340059,25.4882169],[113.032145,25.4869697],[113.0309129,25.483938],[113.0337168,25.4826319],[113.035273,25.4797854],[113.0341336,25.4752883],[113.0360675,25.4741284],[113.0349707,25.468916],[113.0324679,25.4672234],[113.0331725,25.4652827],[113.0328733,25.464369],[113.0305275,25.461126],[113.0290631,25.4603896],[113.0296493,25.4589395],[113.0291692,25.4572731],[113.0303175,25.4560214],[113.0304926,25.4543251],[113.0351017,25.4538707],[113.0382556,25.4510085],[113.0381267,25.4494015],[113.0399291,25.449045],[113.0407888,25.4482131]]}},{"type":"Feature","properties":{"osm_id":156072165,"waterway":"stream","water":"","natural":"","name":"","name:zh":"","width":"","_kind":"river"},"geometry":{"type":"LineString","coordinates":[[112.7070571,25.4561804],[112.7062481,25.4538768],[112.7040074,25.4522249],[112.7036629,25.4495275],[112.702328,25.4473593],[112.7051903,25.4438194],[112.7076171,25.4421337],[112.7081149,25.440448],[112.7052945,25.4403413],[112.7041246,25.4389737],[112.702851,25.4322313],[112.7006795,25.428787],[112.701291,25.4280871],[112.7047073,25.4274838],[112.7063701,25.4263201],[112.7083272,25.4218714],[112.7095439,25.4207864],[112.7093609,25.4182751],[112.7057064,25.4172933],[112.7055306,25.414478],[112.7068082,25.4121807],[112.7066837,25.4095391],[112.7076171,25.4075157],[112.7070571,25.405155],[112.7087994,25.4049302],[112.7107283,25.4061106],[112.7174514,25.4070684],[112.7197874,25.4058083],[112.7203835,25.4046195],[112.7190433,25.401167],[112.7210054,25.3959362],[112.7205598,25.3946438],[112.7165152,25.3911586],[112.7159373,25.3889145],[112.7165528,25.3886159],[112.7199559,25.3904094],[112.7210576,25.3900344],[112.7216156,25.389309],[112.7210828,25.3875562],[112.7224649,25.3869203],[112.724833,25.381258],[112.7280267,25.3778353],[112.7310757,25.3777734],[112.7319583,25.3769868],[112.7322446,25.376143],[112.731164,25.3713776],[112.7340334,25.3672562],[112.733256,25.3637325],[112.7295241,25.3592847],[112.7277055,25.3582656],[112.7259111,25.3595062],[112.7245802,25.3594234],[112.7235586,25.3583523],[112.7222398,25.3533771],[112.7245422,25.3516339]]}},{"type":"Feature","properties":{"osm_id":156072194,"waterway":"","water":"","natural":"","name":"","name:zh":"","width":"","_kind":"water"},"geometry":{"type":"Polygon","coordinates":[[[112.8850365,25.7007228],[112.8845483,25.701182],[112.8848224,25.7021504],[112.8862352,25.7023528],[112.8856802,25.7008412],[112.8850365,25.7007228]]]}},{"type":"Feature","properties":{"osm_id":156467251,"waterway":"river","water":"","natural":"","name":"","name:zh":"","width":"","_kind":"river"},"geometry":{"type":"LineString","coordinates":[[113.0526913,25.452352],[113.0495919,25.4531823],[113.0476672,25.4524212],[113.0472938,25.4509316],[113.045101,25.4517106],[113.042362,25.4495546],[113.0408774,25.4497966],[113.0407888,25.4482131]]}},{"type":"Feature","properties":{"osm_id":156467255,"waterway":"river","water":"","natural":"","name":"","name:zh":"","width":"","_kind":"river"},"geometry":{"type":"LineString","coordinates":[[113.1811455,25.4516609],[113.1813198,25.4497719],[113.1785305,25.4479878],[113.1744626,25.4468334],[113.1733004,25.445469],[113.1697555,25.4458888],[113.1685352,25.4477254],[113.1665594,25.4488798],[113.1650485,25.4488798],[113.1655134,25.445469],[113.1645836,25.44337],[113.1645836,25.4416908],[113.1665013,25.4407987],[113.1676054,25.4343438],[113.1635957,25.4312475],[113.1652809,25.4279936],[113.1644673,25.4234801],[113.1597603,25.4208558],[113.1581912,25.4208558],[113.154414,25.4192812],[113.1524963,25.4206459],[113.1494163,25.4182315],[113.1499974,25.4166569],[113.1533098,25.4159745],[113.1522638,25.4150298],[113.1486609,25.4143999],[113.1498231,25.4123004],[113.14715,25.4092034],[113.1453485,25.4085211],[113.1433146,25.4066314],[113.1431983,25.4031144],[113.1397205,25.4025329],[113.1394792,25.4001747],[113.1419199,25.397235],[113.1434889,25.3971825],[113.1439342,25.3962056],[113.1432495,25.3944002],[113.1439305,25.3911072],[113.1427629,25.3900687],[113.1431158,25.3894343],[113.1454075,25.3892434],[113.1445535,25.3876951],[113.1444771,25.3855468],[113.1423773,25.3838607],[113.1429058,25.3810084],[113.1397606,25.3796496],[113.1379757,25.3768271],[113.1363785,25.3756423],[113.1359476,25.3748485],[113.1369804,25.3738196],[113.1371547,25.3724019],[113.1364573,25.3710367],[113.1285962,25.3673893],[113.1283798,25.3662059],[113.1296001,25.3631604],[113.1292515,25.3619526],[113.1267526,25.361375],[113.1261715,25.3602722],[113.127973,25.359327],[113.1278568,25.3580667],[113.125881,25.3570165],[113.1240821,25.3524287],[113.1210115,25.3506034],[113.1209184,25.3465509],[113.119426,25.3436119]]}},{"type":"Feature","properties":{"osm_id":156467303,"waterway":"river","water":"","natural":"","name":"","name:zh":"","width":"","_kind":"river"},"geometry":{"type":"LineString","coordinates":[[113.2178142,25.4852908],[113.2156059,25.4842417],[113.2145599,25.4826155],[113.2131071,25.4819335],[113.2121773,25.4788384],[113.2097366,25.4783138],[113.2068891,25.4754809],[113.2075284,25.4740644],[113.2048552,25.472543],[113.2046809,25.4709691],[113.2034605,25.4693427],[113.2017172,25.4691853],[113.2005549,25.468241],[113.1947437,25.4622073],[113.1931747,25.4616302],[113.1918381,25.4624697],[113.1906178,25.4622598],[113.1906178,25.4612105],[113.1884095,25.4592691],[113.1846322,25.4589018],[113.1830632,25.4575901],[113.179867,25.4570654],[113.1815523,25.4534974],[113.1811455,25.4516609]]}},{"type":"Feature","properties":{"osm_id":156467307,"waterway":"river","water":"","natural":"","name":"","name:zh":"","width":"","_kind":"river"},"geometry":{"type":"LineString","coordinates":[[113.27493,25.5444018],[113.2764374,25.5452179],[113.2751711,25.5477747],[113.2762565,25.5484819],[113.2762565,25.5503859],[113.2784271,25.5517459],[113.279211,25.5540307],[113.2806581,25.5553906],[113.2792713,25.5571857],[113.280236,25.5583824],[113.2801757,25.5600143],[113.2810802,25.5605582],[113.2859039,25.5607214],[113.2877127,25.5599599],[113.2884363,25.5613198],[113.2901246,25.5616461],[113.291632,25.5607758],[113.2950689,25.5620269],[113.2956718,25.5628972],[113.2946468,25.5652905],[113.2969984,25.5680101],[113.2995911,25.5696419],[113.2996514,25.5712192],[113.3010985,25.5723614],[113.3033295,25.572307],[113.3071281,25.5743738]]}},{"type":"Feature","properties":{"osm_id":156467315,"waterway":"river","water":"","natural":"","name":"","name:zh":"","width":"","_kind":"river"},"geometry":{"type":"LineString","coordinates":[[113.2720707,25.6361074],[113.2742521,25.6353135],[113.278142,25.6307996],[113.2804681,25.6293925],[113.2805509,25.6279768],[113.2820889,25.6262849],[113.282354,25.6238494],[113.285151,25.622929],[113.285169,25.6216599],[113.2867198,25.618941],[113.2909567,25.616584],[113.2943453,25.6059694],[113.2933806,25.6038488],[113.2942247,25.6030332],[113.2945262,25.6000425],[113.2979631,25.597813],[113.2983249,25.5963992],[113.3003749,25.5941152],[113.2998926,25.5884596],[113.2988072,25.5856861],[113.2994102,25.5843265],[113.3010985,25.5842721],[113.3014603,25.5833476],[113.300797,25.5817704],[113.3036309,25.5806283],[113.3041133,25.5788336],[113.3053192,25.5781265],[113.3047766,25.5769844],[113.3063443,25.5760598],[113.3062237,25.574972],[113.3071281,25.5743738]]}},{"type":"Feature","properties":{"osm_id":164986245,"waterway":"stream","water":"","natural":"","name":"西河","name:zh":"西河","width":"","_kind":"river"},"geometry":{"type":"LineString","coordinates":[[112.7536398,25.5901494],[112.7526042,25.5907301],[112.7522427,25.5919537],[112.7479368,25.5918738],[112.7434888,25.5947353],[112.7427476,25.5964094],[112.7428,25.5975974],[112.7442528,25.5993444],[112.7474005,25.5999995],[112.7487249,25.6032427],[112.7480184,25.6054912],[112.7500962,25.6064655],[112.7511372,25.6080264],[112.749108,25.6089651],[112.7498976,25.6107135],[112.7491219,25.6154713],[112.7503325,25.6187463],[112.7500904,25.6221303],[112.7470637,25.6272608],[112.7446424,25.6272608],[112.7437949,25.6282432],[112.7447635,25.6307538],[112.7465795,25.632282],[112.747548,25.6342467],[112.7481533,25.6373029],[112.7497272,25.6406864],[112.7456109,25.6467984],[112.7422622,25.6478601]]}},{"type":"Feature","properties":{"osm_id":164986246,"waterway":"river","water":"","natural":"","name":"西河","name:zh":"西河","width":"","_kind":"river"},"geometry":{"type":"LineString","coordinates":[[112.7422622,25.6478601],[112.7408565,25.6485303],[112.7368841,25.6543711],[112.7379591,25.6567289],[112.7364347,25.657267],[112.7370946,25.6584568],[112.7399436,25.6593981],[112.7403969,25.6604698],[112.7391858,25.6632689],[112.7370326,25.664167],[112.7359397,25.6713943],[112.7323925,25.6728813],[112.7315676,25.6743683],[112.7319801,25.6760783],[112.7352798,25.6782343],[112.732475,25.6808364],[112.73231,25.6821003],[112.7358572,25.6821746],[112.7351148,25.6846279],[112.7374246,25.68552],[112.7375071,25.6873042],[112.738827,25.6881963],[112.7415468,25.6886423],[112.7421301,25.690009],[112.7411968,25.6990499],[112.7392135,25.7034649],[112.7392135,25.7057775],[112.7418968,25.707144],[112.7440307,25.710532],[112.7441133,25.711769],[112.7413148,25.7153037],[112.7460143,25.7186199],[112.7511017,25.719298],[112.7538165,25.7189667]]}},{"type":"Feature","properties":{"osm_id":164986247,"waterway":"stream","water":"","natural":"","name":"西河","name:zh":"西河","width":"","_kind":"river"},"geometry":{"type":"LineString","coordinates":[[112.8089615,25.5628243],[112.8088146,25.5659395],[112.807243,25.5671021],[112.8079608,25.5682206],[112.8069711,25.5694421],[112.8069493,25.5707716],[112.8041972,25.5717059],[112.8035735,25.572777],[112.8021212,25.5727442],[112.8008961,25.5710733],[112.799318,25.5707569],[112.7995822,25.5724681],[112.7946331,25.5770185],[112.7894261,25.5716472],[112.7871942,25.5729265],[112.7858055,25.5723565],[112.7846554,25.5751757],[112.7853545,25.5763953],[112.7850486,25.5788847],[112.7809344,25.5809471],[112.7723849,25.5801424],[112.7697129,25.5829022]]}},{"type":"Feature","properties":{"osm_id":165018716,"waterway":"river","water":"","natural":"","name":"","name:zh":"","width":"","_kind":"river"},"geometry":{"type":"LineString","coordinates":[[112.8836493,25.9902238],[112.8830351,25.9888307],[112.881511,25.9889189],[112.8811183,25.9856541]]}},{"type":"Feature","properties":{"osm_id":165018717,"waterway":"river","water":"","natural":"","name":"伍家坝河","name:zh":"","width":"","_kind":"river"},"geometry":{"type":"LineString","coordinates":[[112.8628778,25.9538417],[112.8615335,25.9548862],[112.862023,25.9574941],[112.8600139,25.9589852],[112.8608541,25.9594319],[112.8614678,25.9611594],[112.8627171,25.9619214],[112.8619134,25.9646276],[112.8639737,25.9661318],[112.8640614,25.9675177],[112.866202,25.970237],[112.8682184,25.9699414],[112.8704288,25.9705641],[112.8735184,25.9700903],[112.8753887,25.9712283],[112.8756315,25.972134],[112.876701,25.9722594],[112.8775276,25.9738944],[112.880581,25.9747211],[112.8816763,25.9781163],[112.8794341,25.9800577],[112.8791241,25.982064],[112.8809324,25.9822266],[112.8808445,25.9851804],[112.8821,25.9867315],[112.8817797,25.9874003],[112.882875,25.9880226],[112.8841821,25.9878461],[112.8836493,25.9902238],[112.8849864,25.990585],[112.8860093,25.9917475],[112.8853225,25.9946897],[112.8889465,25.9964432],[112.888552,25.9984002],[112.8907074,25.9990504],[112.8912919,26.0007118],[112.8943899,26.0033255],[112.894083,26.0048884],[112.8953836,26.0060376],[112.8941269,26.0065892],[112.8940188,26.0085671],[112.8931237,26.0098171],[112.8901078,26.0110672]]}},{"type":"Feature","properties":{"osm_id":165018720,"waterway":"stream","water":"","natural":"","name":"","name:zh":"","width":"","_kind":"river"},"geometry":{"type":"LineString","coordinates":[[112.7672609,25.5792731],[112.7678353,25.5815312],[112.7697129,25.5829022]]}},{"type":"Feature","properties":{"osm_id":165018721,"waterway":"river","water":"","natural":"","name":"","name:zh":"","width":"","_kind":"river"},"geometry":{"type":"LineString","coordinates":[[112.8812428,26.044292],[112.886378,26.0455685],[112.888293,26.0452008],[112.8897911,26.0466231],[112.8910884,26.0492386],[112.8950189,26.052638],[112.8961618,26.054414],[112.895127,26.0569322],[112.8963125,26.0586112],[112.8975251,26.0590275],[112.8968532,26.0600682],[112.8970926,26.0608939],[112.8981275,26.0609078],[112.8970308,26.0634471],[112.8974865,26.0652233],[112.893478,26.0638981],[112.8927751,26.0645364],[112.8891837,26.0647723],[112.8887048,26.0653135],[112.8891759,26.0656881],[112.8889365,26.0677487],[112.8914389,26.069837],[112.8972625,26.0710095],[112.8958336,26.0735695],[112.8959048,26.0767934],[112.8951578,26.0782453],[112.8940372,26.0787981],[112.8942722,26.0793589],[112.8958689,26.0794774]]}},{"type":"Feature","properties":{"osm_id":165018723,"waterway":"river","water":"","natural":"","name":"","name:zh":"","width":"","_kind":"river"},"geometry":{"type":"LineString","coordinates":[[112.8958689,26.0794774],[112.8994636,26.0774454],[112.9066533,26.0787505],[112.9098656,26.080937],[112.9142669,26.080348],[112.916429,26.0776095],[112.9143691,26.0754894],[112.9140182,26.0736277],[112.9144885,26.072258],[112.9159516,26.0713889],[112.9203236,26.0706035],[112.9219498,26.0694074],[112.9235423,26.0664787],[112.9265431,26.0647294],[112.9289389,26.0643487],[112.9305857,26.0626621],[112.9346707,26.0620718],[112.9351312,26.0608535],[112.9340404,26.0592503],[112.9373755,26.0551339],[112.9337117,26.0499072],[112.9311749,26.0448744],[112.9313873,26.0432521],[112.9332384,26.0418821],[112.9377485,26.0404643],[112.9411697,26.0408062],[112.9464698,26.0431776],[112.9458698,26.0377275],[112.947709,26.0364539],[112.949152,26.03736],[112.9498708,26.0406809],[112.9516902,26.0415241],[112.9524133,26.0414002],[112.9532849,26.0387783],[112.954197,26.0382992],[112.9607368,26.0370801],[112.9658638,26.0381229],[112.9697038,26.0374718],[112.9703216,26.0366089],[112.969642,26.0350522],[112.9725113,26.0342607],[112.9755449,26.0306649],[112.980749,26.0274067],[112.9847843,26.0262975],[112.9859502,26.0249162],[112.9903775,26.0236994],[112.992257,26.0191206],[112.9940947,26.0175696],[112.9920298,26.0160008],[112.9956239,26.0131902],[112.9968708,26.0137795],[112.9974908,26.0168444],[112.9986145,26.0187695],[112.9983034,26.0209204],[112.9999423,26.0222846],[112.9988805,26.0249516],[112.9992301,26.0259594],[113.0036056,26.0268073],[113.008638,26.0251311],[113.0112203,26.0255013],[113.0136101,26.0270212],[113.0154508,26.0296478],[113.0167243,26.0293643],[113.0189054,26.027615],[113.0214536,26.0202479],[113.0235848,26.0191395]]}},{"type":"Feature","properties":{"osm_id":165018732,"waterway":"","water":"pond","natural":"water","name":"","name:zh":"","width":"","_kind":"water"},"geometry":{"type":"Polygon","coordinates":[[[112.8558846,25.7422479],[112.8554425,25.7424965],[112.8573452,25.7443689],[112.8558846,25.7422479]]]}},{"type":"Feature","properties":{"osm_id":165018737,"waterway":"","water":"pond","natural":"water","name":"","name:zh":"","width":"","_kind":"water"},"geometry":{"type":"Polygon","coordinates":[[[112.8554276,25.7414462],[112.8545781,25.7415907],[112.8552781,25.7423164],[112.8554276,25.7414462]]]}},{"type":"Feature","properties":{"osm_id":217505122,"waterway":"river","water":"","natural":"","name":"郴江","name:zh":"郴江","width":"","_kind":"river"},"geometry":{"type":"LineString","coordinates":[[113.0519698,25.7671789],[113.0568707,25.7713819],[113.0533327,25.7741498],[113.0521008,25.7759478],[113.0536849,25.7827561],[113.0523188,25.7843562],[113.0502338,25.784757],[113.0481148,25.7860715],[113.0489507,25.789416],[113.0481137,25.7908299],[113.0456078,25.7908576],[113.0428058,25.788183],[113.0407541,25.7871604],[113.0342125,25.7905373],[113.034237,25.7916949],[113.0377613,25.7939991],[113.0384378,25.7951003],[113.0395058,25.8081234],[113.0389989,25.809224],[113.033486,25.8123318],[113.0315226,25.820377],[113.0301064,25.8231004],[113.0292267,25.8237764],[113.028363,25.8234481],[113.0250531,25.8202345],[113.021991,25.8226168],[113.0189322,25.8325554],[113.0154196,25.8364572]]}},{"type":"Feature","properties":{"osm_id":217505256,"waterway":"","water":"","natural":"water","name":"","name:zh":"","width":"","_kind":"water"},"geometry":{"type":"Polygon","coordinates":[[[112.843912,25.7761546],[112.8449791,25.776245],[112.8443004,25.7766773],[112.843912,25.7761546]]]}},{"type":"Feature","properties":{"osm_id":217505257,"waterway":"","water":"","natural":"water","name":"","name:zh":"","width":"","_kind":"water"},"geometry":{"type":"Polygon","coordinates":[[[112.843854,25.7873471],[112.8454778,25.7870675],[112.8454843,25.786584],[112.8446465,25.7862986],[112.843854,25.7873471]]]}},{"type":"Feature","properties":{"osm_id":217505259,"waterway":"","water":"","natural":"water","name":"","name:zh":"","width":"","_kind":"water"},"geometry":{"type":"Polygon","coordinates":[[[112.7832208,25.7636914],[112.783536,25.7648009],[112.7824051,25.7647012],[112.7823642,25.7640468],[112.7832208,25.7636914]]]}},{"type":"Feature","properties":{"osm_id":217505260,"waterway":"","water":"","natural":"water","name":"","name:zh":"","width":"","_kind":"water"},"geometry":{"type":"Polygon","coordinates":[[[112.8041816,25.7269698],[112.8031912,25.7250116],[112.8044508,25.7260027],[112.8041816,25.7269698]]]}},{"type":"Feature","properties":{"osm_id":217505261,"waterway":"","water":"","natural":"water","name":"","name:zh":"","width":"","_kind":"water"},"geometry":{"type":"Polygon","coordinates":[[[112.8214182,25.7779326],[112.8221254,25.7784157],[112.8212126,25.7792062],[112.8207632,25.7790337],[112.8211847,25.7783592],[112.8204949,25.7783655],[112.8214182,25.7779326]]]}},{"type":"Feature","properties":{"osm_id":217505262,"waterway":"","water":"","natural":"water","name":"","name:zh":"","width":"","_kind":"water"},"geometry":{"type":"Polygon","coordinates":[[[112.8186223,25.8133834],[112.8190334,25.8122513],[112.8215696,25.8136438],[112.8186223,25.8133834]]]}},{"type":"Feature","properties":{"osm_id":217505263,"waterway":"","water":"","natural":"water","name":"","name:zh":"","width":"","_kind":"water"},"geometry":{"type":"Polygon","coordinates":[[[112.8580055,25.8713212],[112.8591272,25.8724326],[112.8577175,25.8732768],[112.8573378,25.8743175],[112.8567879,25.8731787],[112.8580055,25.8713212]]]}},{"type":"Feature","properties":{"osm_id":217505264,"waterway":"","water":"","natural":"water","name":"","name:zh":"","width":"","_kind":"water"},"geometry":{"type":"Polygon","coordinates":[[[112.7983091,25.8276592],[112.7995218,25.8281313],[112.8007778,25.8268492],[112.800234,25.824757],[112.7994352,25.824874],[112.7983091,25.8276592]]]}},{"type":"Feature","properties":{"osm_id":217505265,"waterway":"","water":"","natural":"water","name":"","name:zh":"","width":"","_kind":"water"},"geometry":{"type":"Polygon","coordinates":[[[112.8207721,25.6974416],[112.8217709,25.697166],[112.8217443,25.6962316],[112.8207721,25.6974416]]]}},{"type":"Feature","properties":{"osm_id":217505267,"waterway":"","water":"","natural":"water","name":"","name:zh":"","width":"","_kind":"water"},"geometry":{"type":"Polygon","coordinates":[[[112.8582342,25.8873746],[112.8593681,25.8870332],[112.8588012,25.88976],[112.8582342,25.8892998],[112.8582342,25.8873746]]]}},{"type":"Feature","properties":{"osm_id":217505270,"waterway":"","water":"","natural":"water","name":"","name:zh":"","width":"","_kind":"water"},"geometry":{"type":"Polygon","coordinates":[[[112.8716115,25.9231943],[112.8732021,25.925367],[112.8729854,25.9260595],[112.8695276,25.9257858],[112.8697996,25.924177],[112.8716115,25.9231943]]]}},{"type":"Feature","properties":{"osm_id":217505271,"waterway":"","water":"","natural":"water","name":"","name:zh":"","width":"","_kind":"water"},"geometry":{"type":"Polygon","coordinates":[[[112.8189952,25.7012297],[112.8197449,25.7012011],[112.8209411,25.6995743],[112.8204292,25.6982925],[112.8190698,25.6986249],[112.8189952,25.7012297]]]}},{"type":"Feature","properties":{"osm_id":217505272,"waterway":"","water":"","natural":"water","name":"","name:zh":"","width":"","_kind":"water"},"geometry":{"type":"Polygon","coordinates":[[[112.8180072,25.7042419],[112.8183973,25.7043837],[112.8178328,25.7032499],[112.8167329,25.7031863],[112.8180229,25.7014211],[112.8168762,25.701803],[112.8162514,25.7033011],[112.8180072,25.7042419]]]}},{"type":"Feature","properties":{"osm_id":217505277,"waterway":"","water":"","natural":"water","name":"","name:zh":"","width":"","_kind":"water"},"geometry":{"type":"Polygon","coordinates":[[[112.8075584,25.729498],[112.8078192,25.7298642],[112.8084068,25.7290788],[112.8075584,25.729498]]]}},{"type":"Feature","properties":{"osm_id":217505279,"waterway":"","water":"","natural":"water","name":"","name:zh":"","width":"","_kind":"water"},"geometry":{"type":"Polygon","coordinates":[[[112.8605165,25.8793932],[112.861359,25.8791127],[112.8608744,25.8799346],[112.8605165,25.8793932]]]}},{"type":"Feature","properties":{"osm_id":217505280,"waterway":"","water":"","natural":"water","name":"","name:zh":"","width":"","_kind":"water"},"geometry":{"type":"Polygon","coordinates":[[[112.87015,25.9237748],[112.8705142,25.923327],[112.8698503,25.9234141],[112.87015,25.9237748]]]}},{"type":"Feature","properties":{"osm_id":217505284,"waterway":"","water":"","natural":"water","name":"","name:zh":"","width":"","_kind":"water"},"geometry":{"type":"Polygon","coordinates":[[[112.8590609,25.788571],[112.8599322,25.7878951],[112.8596864,25.7885931],[112.8590609,25.788571]]]}},{"type":"Feature","properties":{"osm_id":217505286,"waterway":"","water":"","natural":"water","name":"","name:zh":"","width":"","_kind":"water"},"geometry":{"type":"Polygon","coordinates":[[[112.7630596,25.6080825],[112.7634219,25.6073841],[112.7643625,25.6082263],[112.7630596,25.6080825]]]}},{"type":"Feature","properties":{"osm_id":217877105,"waterway":"river","water":"","natural":"","name":"","name:zh":"","width":"","_kind":"river"},"geometry":{"type":"LineString","coordinates":[[113.2209451,25.627438],[113.220748,25.6259875],[113.2220369,25.6255157],[113.2219303,25.6249594],[113.2203378,25.624572],[113.2194139,25.6233953],[113.2194567,25.6213027],[113.2173437,25.6198983],[113.2148924,25.6152587],[113.2134311,25.6141107],[113.2017744,25.6096989],[113.1937517,25.596482],[113.1921816,25.5957001],[113.1929196,25.5904574],[113.1905657,25.5714774],[113.1880625,25.5626225],[113.1917706,25.5522732],[113.1906868,25.5507302],[113.1884474,25.5493121],[113.1831772,25.5486624],[113.1815138,25.5477264],[113.1803074,25.5453876],[113.1793968,25.5448648]]}},{"type":"Feature","properties":{"osm_id":229075737,"waterway":"river","water":"","natural":"","name":"西河","name:zh":"西河","width":"","_kind":"river"},"geometry":{"type":"LineString","coordinates":[[112.9617747,25.8621324],[112.9629656,25.863305],[112.9627383,25.8669445],[112.9606231,25.8695809],[112.9598938,25.8721406],[112.961108,25.873511],[112.9661315,25.8743409],[112.9677082,25.8752391],[112.9681494,25.8772851],[112.9677676,25.8804255],[112.9657497,25.8847925],[112.9608413,25.8885706],[112.9612776,25.8908276],[112.9628047,25.891956],[112.9713126,25.8939676],[112.9715308,25.8997078],[112.972567,25.9015231],[112.9752939,25.9026514],[112.9798751,25.907312],[112.9804751,25.909078],[112.9796024,25.9121195],[112.9800388,25.913444],[112.9851108,25.9157005],[112.9856017,25.9169759],[112.9842927,25.923745],[112.9834201,25.9249222],[112.9793298,25.9260994],[112.9779663,25.9272275],[112.9812386,25.9283557],[112.9823839,25.9308081],[112.9788389,25.9359579],[112.9760575,25.9370369],[112.9716399,25.9372331],[112.9679858,25.9389006],[112.9659679,25.9421865],[112.9653134,25.9453743],[112.966077,25.9491994],[112.966895,25.9504254],[112.9684766,25.9508668],[112.9716399,25.9488071],[112.9745304,25.9478754],[112.9779118,25.9494937],[112.9779663,25.951161],[112.9745475,25.9552642],[112.9746976,25.9589061],[112.9733305,25.9609194],[112.9723839,25.9642681],[112.9791116,25.9668034],[112.9802569,25.9689118],[112.9797115,25.9702847],[112.9753572,25.972184],[112.9727306,25.9763154],[112.9728727,25.982021],[112.9743314,25.9839611],[112.9762535,25.9817888],[112.9767711,25.9797913],[112.9799842,25.9781784],[112.9821657,25.9780314],[112.9873638,25.9803232],[112.9930822,25.9760873],[112.9939572,25.976177],[112.993433,25.9808218],[112.9976443,25.986332],[112.999691,25.9874785],[113.0023206,25.9876898],[113.0128708,25.9912191],[113.0156218,25.9959898],[113.0221968,25.9975918],[113.0237239,25.9989154],[113.0231825,26.0023694],[113.0210704,26.0036034],[113.0073929,26.004006],[113.0056982,26.0046139],[113.0051998,26.0054707],[113.0052971,26.0061569],[113.0139569,26.0106945],[113.0202605,26.0168021],[113.0235848,26.0191395]]}},{"type":"Feature","properties":{"osm_id":229075745,"waterway":"stream","water":"","natural":"","name":"","name:zh":"","width":"","_kind":"river"},"geometry":{"type":"LineString","coordinates":[[112.7926865,25.9391766],[112.7885251,25.9391574],[112.7871583,25.9381143],[112.7872543,25.937224],[112.7858357,25.9363935],[112.783671,25.9379748],[112.7819569,25.9383269],[112.7796443,25.9378153],[112.7789572,25.9388186],[112.7777824,25.9386724],[112.7770436,25.9393634],[112.7727436,25.9390312],[112.7728914,25.9368519],[112.7697513,25.936739],[112.7691233,25.9363603],[112.7687022,25.934573]]}},{"type":"Feature","properties":{"osm_id":229075746,"waterway":"river","water":"","natural":"","name":"洋市河","name:zh":"","width":"","_kind":"river"},"geometry":{"type":"LineString","coordinates":[[112.7893873,25.9554712],[112.7882212,25.9531916],[112.7865524,25.9522455],[112.7834419,25.9523584],[112.7833311,25.9500531],[112.7821851,25.9487356],[112.7823361,25.9476746],[112.7810703,25.9473426],[112.7796739,25.9455023],[112.7798586,25.9446918],[112.7777603,25.9435823],[112.7763196,25.9415891],[112.7721895,25.9422402],[112.7691011,25.940938],[112.7690568,25.9388584],[112.7697218,25.9377157],[112.7682072,25.9362606],[112.7687022,25.934573]]}},{"type":"Feature","properties":{"osm_id":229075747,"waterway":"stream","water":"","natural":"","name":"","name:zh":"","width":"","_kind":"river"},"geometry":{"type":"LineString","coordinates":[[112.8207066,25.9423246],[112.8186165,25.9423843],[112.8175604,25.9434071],[112.8139711,25.9427695],[112.8129963,25.9406244],[112.8110465,25.9392961],[112.8060245,25.9385656],[112.8044292,25.9391168],[112.8038532,25.9382667],[112.7993555,25.9373369],[112.7959508,25.9374963],[112.7962241,25.9382269],[112.7946067,25.9386386],[112.794134,25.9393493],[112.7926865,25.9391766]]}},{"type":"Feature","properties":{"osm_id":232604414,"waterway":"river","water":"","natural":"","name":"郴江","name:zh":"郴江","width":"","_kind":"river"},"geometry":{"type":"LineString","coordinates":[[113.0154196,25.8364572],[113.0186588,25.8436015],[113.0248653,25.8475514],[113.0252477,25.8501801],[113.0247608,25.8533293],[113.0270058,25.8530952],[113.0299388,25.8517447],[113.031595,25.8517012],[113.034533,25.8527985],[113.0354977,25.8554727],[113.0344462,25.8581857],[113.035614,25.8611799],[113.0420413,25.8622085],[113.0419559,25.8652846],[113.0427464,25.866861],[113.0458444,25.8694948],[113.0474308,25.8696259],[113.049179,25.8684816],[113.0498184,25.8689565],[113.0498435,25.8703371],[113.0475569,25.8724483],[113.0474992,25.8742173],[113.0491434,25.8744261],[113.0511698,25.8721406],[113.0545195,25.8740388],[113.0580869,25.8743201],[113.0601321,25.8837651],[113.0609499,25.8840854],[113.0655974,25.8823994],[113.066569,25.8809137],[113.0680007,25.8803024],[113.0693313,25.8835009],[113.073703,25.8889703],[113.0745261,25.8938967],[113.0764748,25.8964259],[113.0767152,25.8976834],[113.0798936,25.8992155],[113.0811864,25.9005547],[113.08146,25.9012158],[113.0804622,25.9021857],[113.0811086,25.9029143],[113.0830291,25.9027865],[113.0842334,25.9054236],[113.086701,25.9032666],[113.0886885,25.9027672],[113.0894074,25.9036237],[113.0896783,25.9073175],[113.0908772,25.9075853],[113.0924275,25.9054935],[113.0939645,25.9055442],[113.0952492,25.9072379],[113.0990633,25.9076312],[113.09804,25.9100541],[113.0978966,25.9114238],[113.0985188,25.9119449],[113.0995917,25.9118677],[113.1015229,25.9101306],[113.1023276,25.9105167],[113.1016449,25.913451],[113.1018165,25.9185462],[113.100729,25.922193],[113.1010401,25.9230711],[113.1055891,25.9256764],[113.1073204,25.9276551],[113.1075994,25.9293823]]}},{"type":"Feature","properties":{"osm_id":232604424,"waterway":"","water":"pond","natural":"water","name":"青鲁塘","name:zh":"Qinglu Pond","width":"","_kind":"water"},"geometry":{"type":"Polygon","coordinates":[[[113.2349675,25.9689751],[113.2342359,25.9669914],[113.2336056,25.9671385],[113.2338222,25.9687909],[113.2347924,25.9694844],[113.2347214,25.9715598],[113.2355757,25.972036],[113.2361551,25.9704337],[113.2349675,25.9689751]]]}},{"type":"Feature","properties":{"osm_id":232604426,"waterway":"","water":"","natural":"","name":"","name:zh":"","width":"","_kind":"river"},"geometry":{"type":"LineString","coordinates":[[113.2211697,25.981243],[113.2201211,25.9807313],[113.2207877,25.9797954],[113.2208551,25.977486],[113.2196493,25.9764221],[113.2184359,25.979048],[113.2199264,25.9800917],[113.2195144,25.9812565],[113.2208851,25.9815393],[113.2203084,25.9826569],[113.2177094,25.982832],[113.2171252,25.983889],[113.218361,25.9841247],[113.2195294,25.9829128],[113.2204282,25.9831619],[113.2209675,25.9826233],[113.221357,25.9834783],[113.2192898,25.9843671],[113.2183685,25.985929],[113.2193422,25.9862859],[113.2201211,25.984798],[113.2212746,25.9842459],[113.2226677,25.984569],[113.2228774,25.9857742],[113.2264351,25.9832157],[113.2273863,25.9805832],[113.2261355,25.9804351],[113.2257985,25.9811757]]}},{"type":"Feature","properties":{"osm_id":232604429,"waterway":"","water":"","natural":"water","name":"","name:zh":"","width":"","_kind":"water"},"geometry":{"type":"Polygon","coordinates":[[[113.2477102,25.9960257],[113.2479349,25.9944504],[113.2469912,25.9941542],[113.2473058,25.9956083],[113.2464969,25.9953929],[113.2465643,25.9959651],[113.2477102,25.9960257]]]}},{"type":"Feature","properties":{"osm_id":232604430,"waterway":"","water":"","natural":"water","name":"","name:zh":"","width":"","_kind":"water"},"geometry":{"type":"Polygon","coordinates":[[[113.259005,26.0044607],[113.25717,26.003902],[113.2566682,26.0049521],[113.2574022,26.0053224],[113.2580688,26.0047367],[113.2592672,26.0054368],[113.259005,26.0044607]]]}},{"type":"Feature","properties":{"osm_id":232604431,"waterway":"","water":"","natural":"","name":"","name:zh":"","width":"","_kind":"river"},"geometry":{"type":"LineString","coordinates":[[113.2257985,25.9811757],[113.2261655,25.9826771],[113.225394,25.9825425],[113.2254165,25.98331],[113.223162,25.9852221],[113.2229598,25.9840506],[113.2222333,25.9834985],[113.2215143,25.9837813],[113.2211697,25.981243]]}},{"type":"Feature","properties":{"osm_id":232604433,"waterway":"","water":"","natural":"water","name":"","name:zh":"","width":"","_kind":"water"},"geometry":{"type":"Polygon","coordinates":[[[113.277169,26.0279966],[113.2760599,26.0293029],[113.2738044,26.0290941],[113.2742315,26.0280774],[113.2727104,26.0279225],[113.2726279,26.0286026],[113.2731899,26.0284747],[113.2743215,26.0300772],[113.2757152,26.0297136],[113.2762323,26.0304071],[113.2760225,26.0296193],[113.2768018,26.0292153],[113.277169,26.0279966]]]}},{"type":"Feature","properties":{"osm_id":232604436,"waterway":"","water":"","natural":"water","name":"","name:zh":"","width":"","_kind":"water"},"geometry":{"type":"Polygon","coordinates":[[[113.2450963,25.9958641],[113.2448566,25.9950159],[113.2442125,25.9950765],[113.2440776,25.9955747],[113.2450963,25.9958641]]]}},{"type":"Feature","properties":{"osm_id":385338915,"waterway":"","water":"","natural":"water","name":"","name:zh":"","width":"","_kind":"water"},"geometry":{"type":"Polygon","coordinates":[[[112.7451306,25.6869851],[112.7469265,25.6865131],[112.7459225,25.6856056],[112.7451306,25.6869851]]]}},{"type":"Feature","properties":{"osm_id":385338916,"waterway":"","water":"","natural":"water","name":"","name:zh":"","width":"","_kind":"water"},"geometry":{"type":"Polygon","coordinates":[[[112.7505507,25.7037409],[112.7509469,25.7031851],[112.752326,25.7041792],[112.7505507,25.7037409]]]}},{"type":"Feature","properties":{"osm_id":385338917,"waterway":"","water":"","natural":"water","name":"","name:zh":"","width":"","_kind":"water"},"geometry":{"type":"Polygon","coordinates":[[[112.8818739,25.7567778],[112.8832638,25.7570045],[112.8823632,25.7559411],[112.8818739,25.7567778]]]}},{"type":"Feature","properties":{"osm_id":385338918,"waterway":"","water":"","natural":"water","name":"","name:zh":"","width":"","_kind":"water"},"geometry":{"type":"Polygon","coordinates":[[[112.7500941,25.6932303],[112.7505967,25.6940791],[112.7530169,25.6931237],[112.751509,25.6922483],[112.7500941,25.6932303]]]}},{"type":"Feature","properties":{"osm_id":385338919,"waterway":"","water":"","natural":"water","name":"","name:zh":"","width":"","_kind":"water"},"geometry":{"type":"Polygon","coordinates":[[[112.7577841,25.6966551],[112.7579965,25.6972649],[112.7570588,25.6983231],[112.7577841,25.6966551]]]}},{"type":"Feature","properties":{"osm_id":385338920,"waterway":"","water":"","natural":"water","name":"","name:zh":"","width":"","_kind":"water"},"geometry":{"type":"Polygon","coordinates":[[[112.7472458,25.7018701],[112.7472909,25.7024395],[112.7493546,25.7025993],[112.7472458,25.7018701]]]}},{"type":"Feature","properties":{"osm_id":392520779,"waterway":"stream","water":"","natural":"","name":"","name:zh":"","width":"","_kind":"river"},"geometry":{"type":"LineString","coordinates":[[113.2320559,25.6488274],[113.2320357,25.6477546],[113.2311465,25.6470689],[113.2298888,25.6463161],[113.2275221,25.6462246],[113.2248054,25.6448661],[113.2250085,25.6441796],[113.222668,25.6451551],[113.221097,25.6446204],[113.2223714,25.643274],[113.2214951,25.6427561],[113.2206241,25.6432258],[113.2196382,25.6420721],[113.2192695,25.6406414],[113.2198107,25.6370036],[113.2189168,25.6365207],[113.2189469,25.635256],[113.219486,25.6346493],[113.2210337,25.6355836],[113.2213275,25.6336536],[113.2200798,25.6327341],[113.2192646,25.632999],[113.2192019,25.6324633],[113.2218423,25.6314724],[113.2211096,25.630782],[113.2211855,25.6290947],[113.2191491,25.6297911],[113.2188883,25.6287882],[113.2209451,25.627438]]}},{"type":"Feature","properties":{"osm_id":392525134,"waterway":"stream","water":"","natural":"","name":"","name:zh":"","width":"","_kind":"river"},"geometry":{"type":"LineString","coordinates":[[113.2684644,25.6634833],[113.2683355,25.6617962],[113.2667108,25.6593571],[113.2656074,25.6590453],[113.2660064,25.657868],[113.2639211,25.6553364],[113.2615662,25.6544092],[113.2603505,25.6546481],[113.2583712,25.6501327],[113.2590476,25.6484608],[113.2584865,25.6474043],[113.2590632,25.6469097],[113.2590476,25.6446814],[113.2548926,25.640812],[113.2563783,25.6395273],[113.2559877,25.6378836],[113.2577906,25.6374106],[113.2582138,25.6366814],[113.2590139,25.6380743],[113.2606229,25.6381677],[113.2616654,25.6389268],[113.2616698,25.6382889],[113.2638981,25.6378021],[113.2668792,25.6381476],[113.2674341,25.6375982],[113.2716686,25.6370292],[113.2720707,25.6361074]]}},{"type":"Feature","properties":{"osm_id":392525135,"waterway":"stream","water":"","natural":"","name":"","name:zh":"","width":"","_kind":"river"},"geometry":{"type":"LineString","coordinates":[[113.2717219,25.6667616],[113.2683383,25.6640968],[113.2684644,25.6634833]]}},{"type":"Feature","properties":{"osm_id":392525137,"waterway":"stream","water":"","natural":"","name":"","name:zh":"","width":"","_kind":"river"},"geometry":{"type":"LineString","coordinates":[[113.2664619,25.665707],[113.2684644,25.6634833]]}},{"type":"Feature","properties":{"osm_id":401524033,"waterway":"","water":"","natural":"water","name":"","name:zh":"","width":"","_kind":"water"},"geometry":{"type":"Polygon","coordinates":[[[113.1728653,25.9765333],[113.1708469,25.9766542],[113.1690423,25.9786323],[113.1686387,25.9782481],[113.169169,25.9777286],[113.1680371,25.9782125],[113.167863,25.9773658],[113.1667628,25.9788315],[113.1646257,25.9792584],[113.1644358,25.9786038],[113.1661692,25.9767112],[113.1638976,25.9784829],[113.1638184,25.9798917],[113.1648553,25.9807313],[113.1662958,25.9804253],[113.1669923,25.9824674],[113.1674831,25.9823535],[113.1665253,25.9808167],[113.1676018,25.9796996],[113.1684804,25.9802688],[113.1684091,25.979728],[113.1659634,25.9797707],[113.1677759,25.9783406],[113.1692639,25.9790806],[113.1714722,25.9782338],[113.1700713,25.9781627],[113.1728653,25.9765333]]]}},{"type":"Feature","properties":{"osm_id":401524034,"waterway":"","water":"","natural":"","name":"","name:zh":"","width":"","_kind":"river"},"geometry":{"type":"LineString","coordinates":[[113.1591251,25.9607374],[113.160513,25.9602729],[113.1599461,25.9586593],[113.1608956,25.9588936],[113.159422,25.9573565],[113.1587297,25.958273],[113.1581986,25.9579949],[113.1591132,25.959359],[113.1572672,25.9591419],[113.1570795,25.959646],[113.1584609,25.9600608]]}},{"type":"Feature","properties":{"osm_id":401524035,"waterway":"","water":"","natural":"water","name":"","name:zh":"","width":"","_kind":"water"},"geometry":{"type":"Polygon","coordinates":[[[113.2072309,25.9803319],[113.2064314,25.9798196],[113.2051729,25.9805026],[113.2062494,25.9817407],[113.2072309,25.9803319]]]}},{"type":"Feature","properties":{"osm_id":401524036,"waterway":"","water":"","natural":"water","name":"","name:zh":"","width":"","_kind":"water"},"geometry":{"type":"Polygon","coordinates":[[[113.1739366,25.9724058],[113.1734413,25.9735326],[113.1750102,25.9740429],[113.1774085,25.9735021],[113.1788564,25.9738204],[113.1793714,25.9729044],[113.1789836,25.9721857],[113.1739366,25.9724058]]]}},{"type":"Feature","properties":{"osm_id":401524037,"waterway":"","water":"","natural":"water","name":"","name:zh":"","width":"","_kind":"water"},"geometry":{"type":"Polygon","coordinates":[[[113.1753427,25.9760138],[113.1753348,25.9769033],[113.1768307,25.9771808],[113.1766645,25.977814],[113.1781842,25.9773017],[113.17596,25.9765404],[113.1758492,25.9757363],[113.1753427,25.9760138]]]}},{"type":"Feature","properties":{"osm_id":401524038,"waterway":"","water":"","natural":"water","name":"","name:zh":"","width":"","_kind":"water"},"geometry":{"type":"Polygon","coordinates":[[[113.2076638,25.9767366],[113.2058535,25.9770458],[113.2072863,25.9796417],[113.209101,25.9787345],[113.2081756,25.9767018],[113.2076638,25.9767366]]]}},{"type":"Feature","properties":{"osm_id":401524039,"waterway":"","water":"","natural":"","name":"","name:zh":"","width":"","_kind":"river"},"geometry":{"type":"LineString","coordinates":[[113.1608138,25.9669159],[113.1614385,25.9664998],[113.1610283,25.9653953],[113.1604589,25.9664454],[113.1595032,25.9663849],[113.159066,25.9654946],[113.160112,25.9645744],[113.1593883,25.9641705],[113.1587563,25.9648743],[113.1584178,25.9642911],[113.1583855,25.9629704],[113.1591436,25.9630476],[113.1586757,25.9624468],[113.159491,25.9619231],[113.1591251,25.9607374]]}},{"type":"Feature","properties":{"osm_id":401524040,"waterway":"","water":"","natural":"","name":"","name:zh":"","width":"","_kind":"river"},"geometry":{"type":"LineString","coordinates":[[113.1580199,25.9682071],[113.1563571,25.9685658],[113.1561513,25.9691469],[113.1576588,25.9687388],[113.1571314,25.9693389],[113.1576187,25.9694867],[113.1588271,25.9684096],[113.1593353,25.9689254],[113.1596125,25.966953],[113.160392,25.9680573],[113.1609372,25.9676649],[113.1619862,25.9685248],[113.1615691,25.9676621],[113.1623994,25.9677596],[113.1623372,25.9670871],[113.1608138,25.9669159]]}},{"type":"Feature","properties":{"osm_id":401524041,"waterway":"","water":"","natural":"","name":"","name:zh":"","width":"","_kind":"river"},"geometry":{"type":"LineString","coordinates":[[113.1584609,25.9600608],[113.1576819,25.9608123],[113.1582476,25.9613663],[113.1579025,25.9616899],[113.157099,25.9617395],[113.1564353,25.9609148],[113.1560625,25.9630056],[113.1551203,25.9628363],[113.1555684,25.9636007],[113.1542239,25.9634379],[113.1539879,25.9624811],[113.1536357,25.9642064],[113.1523626,25.9638212],[113.1530637,25.9644483],[113.1522503,25.9648936],[113.1527253,25.9656823],[113.1523369,25.9668421],[113.1531826,25.96808],[113.1527084,25.9670339],[113.1535837,25.9658598],[113.1531028,25.965235],[113.1537102,25.9653649],[113.1535111,25.9646861],[113.1540183,25.964945],[113.1544142,25.9639591],[113.1552745,25.9639769]]}},{"type":"Feature","properties":{"osm_id":401524044,"waterway":"","water":"","natural":"","name":"","name:zh":"","width":"","_kind":"river"},"geometry":{"type":"LineString","coordinates":[[113.1552745,25.9639769],[113.154396,25.9652416],[113.1553156,25.9658078],[113.1548927,25.9661521],[113.155184,25.9684136],[113.1562589,25.9669978],[113.1557179,25.9662527],[113.1564894,25.965684],[113.1556209,25.9653198],[113.1555443,25.964521],[113.156762,25.9647744],[113.1561604,25.9637233],[113.1571667,25.9623584],[113.1577815,25.9624157],[113.1580712,25.9649342],[113.15753,25.9653211],[113.1585117,25.9655066],[113.1586782,25.9661987],[113.1573358,25.9668155],[113.1588751,25.9667888],[113.158362,25.9680406],[113.1574759,25.9674958],[113.1569761,25.9678662],[113.1580199,25.9682071]]}},{"type":"Feature","properties":{"osm_id":426757270,"waterway":"","water":"","natural":"","name":"","name:zh":"","width":"","_kind":"river"},"geometry":{"type":"LineString","coordinates":[[113.1315422,25.7169364],[113.1334734,25.718367],[113.1342673,25.7182897],[113.1349003,25.7172554],[113.13416,25.7168011],[113.1342351,25.7173714],[113.1332374,25.7178064],[113.1325185,25.717352],[113.1336987,25.7160954],[113.1325829,25.7122482],[113.1314349,25.7166271]]}},{"type":"Feature","properties":{"osm_id":426757271,"waterway":"","water":"","natural":"","name":"","name:zh":"","width":"","_kind":"river"},"geometry":{"type":"LineString","coordinates":[[113.1314349,25.7166271],[113.1298685,25.7172264],[113.1284094,25.718773],[113.1260705,25.7180577],[113.126682,25.7187826],[113.1251264,25.7188116],[113.1255019,25.7195366],[113.1248045,25.7201262],[113.1221437,25.7190629],[113.1201579,25.719618],[113.1196453,25.7206022],[113.1201653,25.7228563],[113.1238972,25.7232863],[113.1275122,25.7216389],[113.1278917,25.7232386],[113.1279722,25.7226139],[113.1285958,25.7226441],[113.1281881,25.7214915],[113.1273915,25.7211967],[113.12759,25.7206336],[113.1297505,25.721953],[113.1296003,25.7227843],[113.1302977,25.7233159],[113.1307161,25.7222237],[113.1318533,25.7215277],[113.130995,25.7212764],[113.1309736,25.7198845],[113.1304371,25.7196139],[113.1314027,25.7193432],[113.1303298,25.7189759],[113.1299865,25.7179707],[113.1315422,25.7169364]]}},{"type":"Feature","properties":{"osm_id":426757278,"waterway":"","water":"","natural":"wood","name":"","name:zh":"","width":"","_kind":"water"},"geometry":{"type":"Polygon","coordinates":[[[113.1230879,25.7211894],[113.1225193,25.7206771],[113.1235063,25.7213151],[113.1230879,25.7211894]]]}},{"type":"Feature","properties":{"osm_id":426757279,"waterway":"","water":"","natural":"wood","name":"","name:zh":"","width":"","_kind":"water"},"geometry":{"type":"Polygon","coordinates":[[[113.1218219,25.7198942],[113.1223369,25.7205901],[113.1215751,25.7205805],[113.1218219,25.7198942]]]}},{"type":"Feature","properties":{"osm_id":426757280,"waterway":"","water":"","natural":"wood","name":"","name:zh":"","width":"","_kind":"water"},"geometry":{"type":"Polygon","coordinates":[[[113.1275404,25.7196912],[113.1272507,25.7189856],[113.1268966,25.7202325],[113.1275404,25.7196912]]]}},{"type":"Feature","properties":{"osm_id":426757291,"waterway":"","water":"basin","natural":"water","name":"","name:zh":"","width":"","_kind":"water"},"geometry":{"type":"Polygon","coordinates":[[[113.1639185,25.7175466],[113.1673192,25.7171449],[113.1666507,25.7139816],[113.1638874,25.7100154],[113.164123,25.7128021],[113.1651698,25.715343],[113.1639185,25.7175466]]]}},{"type":"Feature","properties":{"osm_id":426757322,"waterway":"river","water":"","natural":"","name":"","name:zh":"","width":"","_kind":"river"},"geometry":{"type":"LineString","coordinates":[[113.177766,25.6988793],[113.1787423,25.7022726],[113.1783454,25.7034133],[113.1795685,25.7111275],[113.1792038,25.7130123],[113.177349,25.7153173],[113.1760722,25.7240843],[113.1721562,25.7259207],[113.1698656,25.729103],[113.1693479,25.732452],[113.1683515,25.7334039],[113.1654936,25.7335634],[113.1647024,25.735651],[113.1657591,25.7377409],[113.1642947,25.74036],[113.1641306,25.7425797],[113.1631091,25.7445783],[113.1658342,25.7470064],[113.1653701,25.7495821],[113.1671324,25.7516303],[113.1654652,25.7547246],[113.1664156,25.7574045],[113.167693,25.7586868],[113.1673443,25.7611556],[113.1685728,25.7623924],[113.1673879,25.7629549],[113.1655888,25.7625458],[113.1643818,25.764128],[113.1620067,25.7646075],[113.1626871,25.7666024],[113.1620493,25.7673763],[113.1623447,25.769296],[113.1612235,25.7712815],[113.1604351,25.7749053],[113.1607797,25.7757627]]}},{"type":"Feature","properties":{"osm_id":426771336,"waterway":"stream","water":"","natural":"","name":"","name:zh":"","width":"","_kind":"river"},"geometry":{"type":"LineString","coordinates":[[112.8034682,25.4571972],[112.7997364,25.4577464],[112.7918138,25.4537485],[112.7889479,25.4539639]]}},{"type":"Feature","properties":{"osm_id":426771339,"waterway":"stream","water":"","natural":"","name":"","name:zh":"","width":"","_kind":"river"},"geometry":{"type":"LineString","coordinates":[[112.8190128,25.4847645],[112.8145104,25.4819619],[112.811685,25.478289],[112.8092464,25.4774187],[112.8053951,25.4742118],[112.806184,25.465466],[112.8045249,25.4577138],[112.8034682,25.4571972]]}},{"type":"Feature","properties":{"osm_id":426771344,"waterway":"stream","water":"","natural":"","name":"","name:zh":"","width":"","_kind":"river"},"geometry":{"type":"LineString","coordinates":[[112.8069836,25.4562757],[112.8043187,25.4563548],[112.8034682,25.4571972]]}},{"type":"Feature","properties":{"osm_id":426771346,"waterway":"stream","water":"","natural":"","name":"","name:zh":"","width":"","_kind":"river"},"geometry":{"type":"LineString","coordinates":[[112.7889479,25.4539639],[112.7860254,25.4533322],[112.7847791,25.4522201],[112.7840503,25.4503379],[112.7841232,25.4486401],[112.7855662,25.4465671],[112.784903,25.4453167],[112.7852747,25.4438161],[112.7831393,25.4434739],[112.7812298,25.4406966],[112.7787373,25.4404004],[112.7784822,25.4386629],[112.7765581,25.4379258],[112.7761718,25.4360237],[112.7748235,25.4352208],[112.7753622,25.4312082],[112.7770849,25.4284446],[112.7795486,25.4270143],[112.7790449,25.4251576],[112.7809466,25.4239135]]}},{"type":"Feature","properties":{"osm_id":426855081,"waterway":"stream","water":"","natural":"","name":"","name:zh":"","width":"","_kind":"river"},"geometry":{"type":"LineString","coordinates":[[112.9283166,25.4605371],[112.930203,25.4604673]]}},{"type":"Feature","properties":{"osm_id":426857477,"waterway":"","water":"","natural":"","name":"","name:zh":"","width":"","_kind":"river"},"geometry":{"type":"LineString","coordinates":[[112.9208521,25.4661379],[112.920976,25.4680399],[112.9200649,25.4695733],[112.9184003,25.4701449],[112.9194278,25.4707241],[112.9201214,25.4701945],[112.9218619,25.4717699],[112.9236865,25.4718401],[112.9228007,25.4711065],[112.921654,25.4660918]]}},{"type":"Feature","properties":{"osm_id":426857479,"waterway":"","water":"","natural":"","name":"","name:zh":"","width":"","_kind":"river"},"geometry":{"type":"LineString","coordinates":[[112.921654,25.4660918],[112.9217342,25.4654798],[112.9223756,25.4658681],[112.9235128,25.4648677],[112.9241761,25.4648348],[112.9243074,25.4655456],[112.9250363,25.4648282],[112.9259839,25.4650125],[112.9276824,25.4640516],[112.9278501,25.4633408],[112.9292205,25.4630249],[112.9293663,25.4626037],[112.9275803,25.4622022],[112.927974,25.4610571],[112.9296068,25.4616757],[112.9306638,25.4608794],[112.9296433,25.4595762],[112.9288269,25.4594906],[112.9287977,25.4584705]]}},{"type":"Feature","properties":{"osm_id":426857480,"waterway":"","water":"","natural":"","name":"","name:zh":"","width":"","_kind":"river"},"geometry":{"type":"LineString","coordinates":[[112.9287977,25.4584705],[112.9248614,25.45722],[112.9236076,25.4584376],[112.9233306,25.4597276],[112.9214426,25.4599514],[112.9233889,25.4616165],[112.9217998,25.4629986],[112.9220403,25.4640056],[112.9211583,25.4636633],[112.9193869,25.4653416],[112.9208521,25.4661379]]}},{"type":"Feature","properties":{"osm_id":426857489,"waterway":"stream","water":"","natural":"","name":"","name:zh":"","width":"","_kind":"river"},"geometry":{"type":"LineString","coordinates":[[112.930203,25.4604673],[112.9305896,25.4601509]]}},{"type":"Feature","properties":{"osm_id":426857501,"waterway":"river","water":"","natural":"","name":"","name:zh":"","width":"","_kind":"river"},"geometry":{"type":"LineString","coordinates":[[112.9305896,25.4601509],[112.9338058,25.4600392],[112.9358262,25.4570236],[112.9347593,25.4551481],[112.9341047,25.4550876],[112.9334759,25.4560556],[112.9304246,25.4560044],[112.929868,25.4551621],[112.9303507,25.4534272],[112.9291363,25.4534315],[112.9283131,25.4525732],[112.9294744,25.4511775],[112.9284832,25.4491463],[112.9290328,25.4477835],[112.9300271,25.4474186],[112.9291428,25.4463299],[112.9298285,25.44525],[112.9294429,25.4443904],[112.9304401,25.4445649],[112.9307442,25.4440157]]}},{"type":"Feature","properties":{"osm_id":427068134,"waterway":"","water":"","natural":"water","name":"","name:zh":"","width":"","_kind":"water"},"geometry":{"type":"Polygon","coordinates":[[[112.7117058,25.6452641],[112.7120197,25.6443821],[112.7101287,25.6438951],[112.7099973,25.6455077],[112.7117058,25.6452641]]]}},{"type":"Feature","properties":{"osm_id":427068140,"waterway":"river","water":"","natural":"","name":"","name:zh":"","width":"","_kind":"river"},"geometry":{"type":"LineString","coordinates":[[112.7215912,25.6076443],[112.7237152,25.6086711],[112.7249707,25.6122978],[112.7239561,25.6145685],[112.7220072,25.6166878],[112.722565,25.619105],[112.7276127,25.6197131],[112.7275397,25.620582],[112.73032,25.6213273],[112.7309902,25.6229274],[112.72949,25.624467],[112.7294681,25.6263975],[112.7306937,25.6266844],[112.7311165,25.6279977],[112.7325189,25.6280009],[112.7333658,25.6294688],[112.7329058,25.6312198],[112.7347895,25.6344649],[112.7357167,25.6347216],[112.7361547,25.6363145],[112.7355634,25.63692],[112.7367899,25.6396911],[112.7364614,25.6415406],[112.7378558,25.6424423],[112.7378339,25.6445287],[112.7394547,25.645437],[112.74082,25.6443313],[112.7414552,25.6455226],[112.7427036,25.6460623],[112.7429372,25.6468257],[112.7422622,25.6478601]]}},{"type":"Feature","properties":{"osm_id":432326638,"waterway":"river","water":"","natural":"","name":"","name:zh":"","width":"","_kind":"river"},"geometry":{"type":"LineString","coordinates":[[113.3265642,26.1893814],[113.3230284,26.1847538],[113.3244515,26.183424],[113.3240921,26.1821272],[113.321796,26.1828513],[113.3205196,26.1810015],[113.3199768,26.1794676],[113.3203582,26.1759127],[113.3178055,26.1756428],[113.3150179,26.1722063],[113.3146952,26.1672356],[113.316287,26.1633511],[113.3123844,26.1604739],[113.3122451,26.1590517],[113.3107192,26.1576031],[113.3107999,26.1561151],[113.3095455,26.1533232],[113.3112722,26.1511185],[113.3114555,26.1491638],[113.307313,26.1460507],[113.3085667,26.1426743],[113.3057366,26.1409038],[113.305414,26.1389094],[113.3034051,26.1395084],[113.3031045,26.1368295],[113.3007803,26.1358882],[113.3013008,26.134348],[113.2986687,26.1330579],[113.2963885,26.1275285],[113.293639,26.1271336],[113.2925539,26.1259092],[113.2905816,26.1251522],[113.2860065,26.1251192],[113.2830738,26.1228482],[113.2819887,26.119978],[113.2848481,26.1130984],[113.2837923,26.1068637],[113.2780368,26.1063172],[113.276695,26.1056193],[113.2704263,26.1062777],[113.2665184,26.1048161],[113.2653013,26.1002796],[113.2637909,26.0993578],[113.2635783,26.0953479],[113.2657705,26.0925363],[113.2622072,26.0906794],[113.2606895,26.0891979],[113.2643042,26.0830936],[113.2647807,26.0798207],[113.2680141,26.0799524],[113.2690772,26.0784838],[113.2661005,26.0783653],[113.2644288,26.0768375],[113.264285,26.0720064],[113.2621712,26.0705172],[113.2571562,26.0699122],[113.2572909,26.0669245],[113.2585965,26.0649978],[113.2585032,26.0639087],[113.2576018,26.0640577],[113.2544104,26.0621867],[113.2520893,26.0641787],[113.2501414,26.0638529],[113.2487425,26.0626615],[113.2449709,26.0648023],[113.2413961,26.0652211],[113.2410231,26.063918],[113.2423494,26.0623357],[113.2407744,26.0601762],[113.2359666,26.0638901],[113.2341844,26.0636016],[113.232713,26.0623915],[113.2326301,26.0613118],[113.2340393,26.0596828],[113.2343812,26.0576164],[113.2322053,26.0564528],[113.2321535,26.0543491],[113.230278,26.0537533],[113.2304956,26.0525804],[113.23234,26.0514634],[113.2327545,26.0478794],[113.2255117,26.0460641],[113.2221234,26.0439136],[113.2223203,26.0431316],[113.2236673,26.0430757],[113.226351,26.0412696],[113.22833,26.0407669],[113.2299879,26.0417444],[113.2320292,26.041642],[113.2339771,26.0398918],[113.2345056,26.0376947],[113.2341947,26.0356557],[113.2334487,26.0351902],[113.2322675,26.0355719],[113.2321742,26.0368474],[113.2312831,26.0376481],[113.2295009,26.0368195],[113.2284647,26.0348923]]}},{"type":"Feature","properties":{"osm_id":432328606,"waterway":"","water":"","natural":"water","name":"","name:zh":"","width":"","_kind":"water"},"geometry":{"type":"Polygon","coordinates":[[[113.2629647,26.0185255],[113.2644149,26.0194799],[113.2653451,26.0188217],[113.2656161,26.0196971],[113.2661801,26.0188546],[113.2684433,26.0213952],[113.270333,26.0216388],[113.2691172,26.0202302],[113.267645,26.0196839],[113.2670883,26.0178541],[113.2653817,26.0181306],[113.265726,26.0174065],[113.2649057,26.016564],[113.2644955,26.0165904],[113.2647518,26.0178673],[113.2629647,26.0185255]]]}},{"type":"Feature","properties":{"osm_id":432328627,"waterway":"stream","water":"","natural":"","name":"","name:zh":"","width":"","_kind":"river"},"geometry":{"type":"LineString","coordinates":[[113.2413693,26.0099131],[113.2392294,26.0178311]]}},{"type":"Feature","properties":{"osm_id":432354926,"waterway":"","water":"","natural":"water","name":"","name:zh":"","width":"","_kind":"water"},"geometry":{"type":"Polygon","coordinates":[[[113.1884951,25.9834963],[113.188788,25.9843257],[113.1919218,25.9831409],[113.1909113,25.9796196],[113.1898936,25.9804621],[113.1897764,25.9826407],[113.1884951,25.9834963]]]}},{"type":"Feature","properties":{"osm_id":432354930,"waterway":"","water":"","natural":"water","name":"","name:zh":"","width":"","_kind":"water"},"geometry":{"type":"Polygon","coordinates":[[[113.1922659,25.9842862],[113.1922,25.983187],[113.1912628,25.9837399],[113.1922659,25.9842862]]]}},{"type":"Feature","properties":{"osm_id":432354934,"waterway":"river","water":"","natural":"","name":"程江","name:zh":"程江","width":"","_kind":"river"},"geometry":{"type":"LineString","coordinates":[[113.2284647,26.0348923],[113.2280606,26.0328813],[113.2270037,26.0320992],[113.2235516,26.0348369],[113.219194,26.0344618],[113.2193405,26.0328561],[113.2206001,26.0317835],[113.2210103,26.0280851],[113.2177439,26.0254922],[113.2141627,26.0253606],[113.2113797,26.0261042],[113.210391,26.0273349],[113.2099443,26.0293355],[113.2086807,26.0305728],[113.2034145,26.0312041],[113.2008765,26.0323955],[113.1978103,26.0324514],[113.195925,26.0333636],[113.1957696,26.0339686],[113.1971473,26.0353182],[113.1992709,26.0355044],[113.1989394,26.0365468],[113.1978207,26.0370401],[113.1938014,26.0374217],[113.1920818,26.0335032],[113.1913049,26.0352344],[113.1893678,26.0352903],[113.1870267,26.0373938],[113.1835254,26.0379895],[113.1810911,26.0375799],[113.1805938,26.0368447],[113.1768335,26.0365375],[113.1723896,26.0348435],[113.168101,26.0342106],[113.167003,26.0351507],[113.1670651,26.03637],[113.1660292,26.0381291],[113.1644754,26.0376265],[113.1619582,26.0384176],[113.1600107,26.0343781],[113.157307,26.033559],[113.1562401,26.0343502],[113.1576489,26.0372263],[113.1540543,26.0405025]]}},{"type":"Feature","properties":{"osm_id":432354935,"waterway":"river","water":"","natural":"","name":"耒水","name:zh":"耒水","width":"","_kind":"river"},"geometry":{"type":"LineString","coordinates":[[113.1525627,26.0382966],[113.1528566,26.0388901]]}},{"type":"Feature","properties":{"osm_id":432354936,"waterway":"river","water":"","natural":"","name":"耒水","name:zh":"耒水","width":"","_kind":"river"},"geometry":{"type":"LineString","coordinates":[[113.1528566,26.0388901],[113.1540543,26.0405025]]}},{"type":"Feature","properties":{"osm_id":432354993,"waterway":"river","water":"","natural":"","name":"","name:zh":"","width":"","_kind":"river"},"geometry":{"type":"LineString","coordinates":[[113.3222522,26.0143667],[113.3205384,26.0135505],[113.3177113,26.0156699],[113.3126064,26.0170916],[113.3105264,26.0159266],[113.3086295,26.0168546],[113.306608,26.0158081],[113.3049015,26.0162491],[113.3023387,26.0189608],[113.2992624,26.0187328],[113.2978279,26.0200406],[113.2958547,26.0201057],[113.2939178,26.0209993],[113.288858,26.0202546],[113.285779,26.0214575],[113.2846508,26.0211975],[113.2836524,26.0230508],[113.2809275,26.0242332],[113.2788865,26.0239679],[113.2784928,26.0244706],[113.2725718,26.0249454],[113.2704467,26.025665],[113.2700757,26.0309214]]}},{"type":"Feature","properties":{"osm_id":432354994,"waterway":"river","water":"","natural":"","name":"","name:zh":"","width":"","_kind":"river"},"geometry":{"type":"LineString","coordinates":[[113.2700757,26.0309214],[113.2671038,26.0308636],[113.2654549,26.0338918],[113.2647371,26.0341287],[113.2570758,26.034925],[113.2551495,26.0328322],[113.2524002,26.0341754],[113.2499341,26.0330489],[113.2452506,26.0333561],[113.2444113,26.0318851],[113.2434063,26.0316802],[113.2445668,26.0306188],[113.2430851,26.0307678],[113.2424323,26.029846],[113.2418313,26.0315592],[113.2408366,26.031643],[113.2390129,26.0297995],[113.239645,26.0289522],[113.2328684,26.0261217],[113.2324229,26.0283284],[113.2337285,26.0300509],[113.233542,26.0325089],[113.2294698,26.0350133],[113.2284647,26.0348923]]}},{"type":"Feature","properties":{"osm_id":432391296,"waterway":"","water":"","natural":"water","name":"","name:zh":"","width":"","_kind":"water"},"geometry":{"type":"Polygon","coordinates":[[[113.1713033,25.8271951],[113.1711423,25.8263936],[113.1719363,25.825988],[113.1708006,25.8254777],[113.1701875,25.8271951],[113.1691146,25.8264612],[113.168664,25.8274462],[113.1685245,25.8261232],[113.1675804,25.8257176],[113.1689322,25.8239599],[113.1684279,25.8237378],[113.1672316,25.8251385],[113.1668186,25.8239503],[113.1671512,25.82734],[113.1688249,25.8281898],[113.1687605,25.8297349],[113.1698108,25.8306716],[113.1708419,25.8300826],[113.1706166,25.8294355],[113.1714213,25.8295804],[113.1704986,25.8281705],[113.1717217,25.8276297],[113.1713033,25.8271951]]]}},{"type":"Feature","properties":{"osm_id":432391297,"waterway":"","water":"","natural":"water","name":"","name:zh":"","width":"","_kind":"water"},"geometry":{"type":"Polygon","coordinates":[[[113.11149,25.831898],[113.1111681,25.8323423],[113.1116939,25.8326223],[113.1124556,25.8319367],[113.11149,25.831898]]]}},{"type":"Feature","properties":{"osm_id":432391300,"waterway":"","water":"","natural":"water","name":"","name:zh":"","width":"","_kind":"water"},"geometry":{"type":"Polygon","coordinates":[[[113.1094274,25.8330279],[113.110975,25.8349809],[113.1116617,25.8347757],[113.1109536,25.8336169],[113.1114471,25.8327865],[113.1106746,25.8326513],[113.1104708,25.8318884],[113.109245,25.8325813],[113.1094274,25.8330279]]]}},{"type":"Feature","properties":{"osm_id":432391348,"waterway":"river","water":"","natural":"","name":"","name:zh":"","width":"","_kind":"river"},"geometry":{"type":"LineString","coordinates":[[113.1228452,25.8330228],[113.1218753,25.841789],[113.1248922,25.8552159],[113.1252431,25.8593343],[113.1239365,25.8743404],[113.1214962,25.879247],[113.1227794,25.8816868],[113.1226332,25.8850939],[113.1185318,25.886166],[113.1171939,25.8883497],[113.1153735,25.888764],[113.1149641,25.8901255],[113.1158195,25.8922959],[113.1116742,25.8942492],[113.111528,25.8953213],[113.1121056,25.8959461],[113.1111478,25.8969786],[113.108728,25.8964656],[113.1070392,25.8972877],[113.1042026,25.8954923],[113.1021117,25.8971825],[113.1022213,25.8949332],[113.0999257,25.8953936],[113.0984928,25.8942427],[113.097345,25.8943282],[113.0977544,25.8958014],[113.099838,25.8973929],[113.0977477,25.8980707],[113.0984867,25.8996933],[113.0980186,25.9008394],[113.0960874,25.8998115],[113.0953149,25.9001698],[113.0952398,25.9017707],[113.0968907,25.9021736],[113.0967379,25.9026224],[113.0956824,25.902743],[113.0932362,25.9016102],[113.0930525,25.9025247],[113.0945364,25.9050798],[113.0943373,25.9057517]]}},{"type":"Feature","properties":{"osm_id":432401438,"waterway":"","water":"","natural":"water","name":"","name:zh":"","width":"","_kind":"water"},"geometry":{"type":"Polygon","coordinates":[[[113.0744326,25.8289817],[113.0741644,25.8278711],[113.0736601,25.831589],[113.074497,25.8326513],[113.0745184,25.8339646],[113.0738318,25.8346792],[113.0741966,25.8353165],[113.0750012,25.835133],[113.0755806,25.8357703],[113.0757952,25.8345923],[113.0797756,25.8333272],[113.0757737,25.8330086],[113.0746686,25.8315311],[113.0751407,25.830604],[113.0744326,25.8289817]]]}},{"type":"Feature","properties":{"osm_id":432401440,"waterway":"","water":"","natural":"water","name":"","name:zh":"","width":"","_kind":"water"},"geometry":{"type":"Polygon","coordinates":[[[113.0737468,25.8962491],[113.0722314,25.8942764],[113.0721332,25.8950069],[113.0737468,25.8962491]]]}},{"type":"Feature","properties":{"osm_id":432401495,"waterway":"stream","water":"","natural":"","name":"","name:zh":"","width":"","_kind":"river"},"geometry":{"type":"LineString","coordinates":[[113.1725329,25.7684098],[113.169545,25.7722644],[113.1618764,25.7743379],[113.1607797,25.7757627]]}},{"type":"Feature","properties":{"osm_id":432401496,"waterway":"river","water":"","natural":"","name":"","name:zh":"","width":"","_kind":"river"},"geometry":{"type":"LineString","coordinates":[[113.1320976,25.8915794],[113.1315273,25.8927435],[113.1288808,25.8936972],[113.1308913,25.8968935],[113.1301895,25.899682]]}},{"type":"Feature","properties":{"osm_id":432401497,"waterway":"river","water":"","natural":"","name":"","name:zh":"","width":"","_kind":"river"},"geometry":{"type":"LineString","coordinates":[[113.1431297,25.8133209],[113.1428713,25.8137955]]}},{"type":"Feature","properties":{"osm_id":432401498,"waterway":"river","water":"","natural":"","name":"","name:zh":"","width":"","_kind":"river"},"geometry":{"type":"LineString","coordinates":[[113.1325134,25.8912053],[113.1320976,25.8915794]]}},{"type":"Feature","properties":{"osm_id":432401499,"waterway":"river","water":"","natural":"","name":"","name:zh":"","width":"","_kind":"river"},"geometry":{"type":"LineString","coordinates":[[113.1607797,25.7757627],[113.1614896,25.7775494],[113.1579227,25.7807055],[113.1585224,25.7854533],[113.1600112,25.7880134],[113.1592461,25.7907317],[113.1476198,25.8061781],[113.1431297,25.8133209]]}},{"type":"Feature","properties":{"osm_id":432401501,"waterway":"river","water":"","natural":"","name":"","name:zh":"","width":"","_kind":"river"},"geometry":{"type":"LineString","coordinates":[[113.1428713,25.8137955],[113.1403175,25.8184491],[113.1372779,25.8312267],[113.1382793,25.8413279],[113.1412673,25.8437937],[113.1452483,25.8503652],[113.1472251,25.8544758],[113.1483811,25.8596097],[113.1488827,25.863346],[113.1469952,25.8779661],[113.1474501,25.8803103],[113.1427042,25.8865765],[113.1387252,25.8864197],[113.1347002,25.8894879],[113.1326898,25.8898562],[113.1325134,25.8912053]]}},{"type":"Feature","properties":{"osm_id":499661266,"waterway":"river","water":"","natural":"","name":"","name:zh":"","width":"","_kind":"river"},"geometry":{"type":"LineString","coordinates":[[112.9258794,25.5434533],[112.927748,25.5448107],[112.9305723,25.5452874],[112.9341423,25.5443485],[112.9352367,25.5433224],[112.9378438,25.5433321],[112.9390749,25.5419429],[112.9402766,25.5416428],[112.9444085,25.544634],[112.9484774,25.5427391],[112.9563403,25.5450938],[112.9588401,25.5438161],[112.9607606,25.5436612],[112.9607713,25.5427996],[112.9621875,25.5427609],[112.9625094,25.5420252],[112.9656207,25.5415509],[112.9647195,25.5436709],[112.9651165,25.5454133],[112.967509,25.5446873],[112.9716182,25.5461877],[112.9731846,25.5457327],[112.9745471,25.5461006],[112.9771113,25.5475913],[112.9784632,25.5502726],[112.979815,25.5510372],[112.9837847,25.5485399],[112.9846859,25.5487916],[112.9854476,25.5500499],[112.9863274,25.5499338],[112.9873037,25.5486367],[112.9861665,25.5472428],[112.9867973,25.5459413]]}},{"type":"Feature","properties":{"osm_id":499661437,"waterway":"","water":"reservoir","natural":"water","name":"","name:zh":"","width":"","_kind":"water"},"geometry":{"type":"Polygon","coordinates":[[[112.9763389,25.594897],[112.977519,25.5944471],[112.9768592,25.5934892],[112.9763389,25.594897]]]}},{"type":"Feature","properties":{"osm_id":499661500,"waterway":"","water":"reservoir","natural":"water","name":"","name:zh":"","width":"","_kind":"water"},"geometry":{"type":"Polygon","coordinates":[[[112.9277372,25.6757032],[112.9286331,25.6759159],[112.9297918,25.6750505],[112.9292071,25.6735904],[112.9295289,25.6723769],[112.9276299,25.6698434],[112.9258543,25.6692922],[112.9276192,25.6705106],[112.9278231,25.6718644],[112.9287243,25.672754],[112.9278123,25.6734889],[112.928279,25.6752004],[112.9277372,25.6757032]]]}},{"type":"Feature","properties":{"osm_id":499661688,"waterway":"river","water":"","natural":"","name":"郴江","name:zh":"郴江","width":"","_kind":"river"},"geometry":{"type":"LineString","coordinates":[[112.9321082,25.6166499],[112.9345241,25.6133892],[112.9384823,25.6134695],[112.9405279,25.6151473],[112.94253,25.615736],[112.9455331,25.6151473],[112.946264,25.6163962],[112.9453253,25.6179363],[112.94566,25.6185954],[112.9471886,25.6185526],[112.9485726,25.6210001],[112.950418,25.6212323],[112.9506969,25.6225479],[112.9514694,25.6229349],[112.9522741,25.6222771],[112.9520166,25.6212806],[112.9536366,25.6205648],[112.9570269,25.6225189],[112.959398,25.6213],[112.9598808,25.6228381],[112.962091,25.6225673],[112.963711,25.6233412],[112.9655456,25.6266979],[112.9684639,25.62871],[112.9690432,25.6313411],[112.9702127,25.6325986],[112.9697835,25.6343977],[112.9703307,25.6362839],[112.9697835,25.6376768],[112.9711032,25.6384602],[112.9722404,25.6405592],[112.9724336,25.6440895],[112.9736245,25.6454823],[112.9752445,25.6460819],[112.9746115,25.6472232],[112.9763603,25.648113],[112.977519,25.6507437],[112.9797935,25.6502504],[112.9832375,25.6524555],[112.9837417,25.6557824],[112.9831087,25.6579681],[112.98401,25.6598442],[112.9830336,25.6610434],[112.9858768,25.6645925],[112.9913311,25.6679347],[112.9940455,25.6681741],[112.9953819,25.6696457],[113.0038865,25.6701564],[113.0047595,25.6692746],[113.0064078,25.6700343],[113.0069482,25.6716927],[113.0094534,25.6712177],[113.0102829,25.6735638],[113.0070716,25.6764623],[113.0072057,25.6774872],[113.007946,25.6776951],[113.011508,25.6757032],[113.0135894,25.6753092],[113.0138817,25.6767451],[113.0128786,25.678181],[113.0135357,25.6799505],[113.013069,25.6816861],[113.0145872,25.6831171],[113.0166203,25.6830034],[113.016403,25.6805113],[113.0171218,25.6797982],[113.0234277,25.6791938],[113.0370292,25.6862014],[113.0390677,25.6940448],[113.0368656,25.6966648],[113.0373752,25.7024605],[113.0429918,25.7078088],[113.0421951,25.7102859],[113.0394646,25.7122144],[113.0390248,25.7132705],[113.0398187,25.7140849],[113.0443731,25.71524],[113.0471143,25.7219989],[113.0528998,25.7272111],[113.0531064,25.7295718],[113.0565584,25.7348851],[113.0494827,25.7398913],[113.0430964,25.7401836],[113.0415031,25.7414158],[113.0440003,25.7463178],[113.0457491,25.7474871],[113.0498977,25.7483341],[113.0508204,25.7492497],[113.0529115,25.7585519],[113.0500567,25.7637693],[113.0519698,25.7671789]]}},{"type":"Feature","properties":{"osm_id":521955831,"waterway":"","water":"river","natural":"water","name":"","name:zh":"","width":"","_kind":"water"},"geometry":{"type":"Polygon","coordinates":[[[113.0493378,25.7479486],[113.0505221,25.7484801],[113.0513066,25.7498994],[113.0531345,25.758229],[113.0504751,25.763134],[113.0506173,25.7650543],[113.0517063,25.7665785],[113.0536482,25.7678974],[113.0548766,25.7676462],[113.05592,25.7694216],[113.0573147,25.7702863],[113.0577439,25.7699771],[113.0583125,25.7709095],[113.0524841,25.7756098],[113.0522722,25.777245],[113.0539459,25.7809211],[113.0540559,25.7825079],[113.0524023,25.7845451],[113.048434,25.7860038],[113.0490911,25.789048],[113.0484675,25.791224],[113.0472913,25.7915536],[113.0451191,25.7908268],[113.0407683,25.7874488],[113.0343554,25.7906364],[113.0347152,25.7918111],[113.0383059,25.7942041],[113.0389872,25.7958825],[113.0397329,25.8080893],[113.0391374,25.8092942],[113.0334941,25.8127085],[113.0319732,25.8198748],[113.0299133,25.8234408],[113.0325258,25.8160502],[113.0326679,25.8129934],[113.0343121,25.8112283],[113.038727,25.8091059],[113.0393493,25.8076981],[113.0383113,25.795682],[113.0376461,25.7942258],[113.0342424,25.7921056],[113.0340028,25.7904418],[113.0402424,25.7868481],[113.0425239,25.787567],[113.0456834,25.7904095],[113.0481401,25.7898867],[113.0485571,25.7891666],[113.0475032,25.7870242],[113.0480209,25.7858553],[113.0520683,25.7841526],[113.0536079,25.7824016],[113.0518001,25.7772474],[113.0520791,25.7755012],[113.0565155,25.7715617],[113.0556679,25.7700448],[113.0515668,25.7672307],[113.0499414,25.764448],[113.0499896,25.7630542],[113.0526792,25.7585744],[113.0506414,25.7494102],[113.0499058,25.7485616],[113.046366,25.7479099],[113.0438581,25.7465183],[113.0412886,25.7418531],[113.0414468,25.7408565],[113.0428751,25.7400072],[113.0457383,25.7397004],[113.0456297,25.7404071],[113.0425063,25.7406269],[113.0419698,25.7421394],[113.0443355,25.7462876],[113.0460227,25.7473518],[113.0493378,25.7479486]]]}},{"type":"Feature","properties":{"osm_id":521978951,"waterway":"stream","water":"","natural":"","name":"","name:zh":"","width":"5","_kind":"river"},"geometry":{"type":"LineString","coordinates":[[113.0150014,25.7790642],[113.0155367,25.7819481],[113.0219485,25.7824112],[113.0220383,25.7838084],[113.0235955,25.7858127],[113.023644,25.789891],[113.0256741,25.7921006],[113.0290302,25.7930069],[113.0341219,25.7914751]]}},{"type":"Feature","properties":{"osm_id":522813906,"waterway":"","water":"canal","natural":"water","name":"","name:zh":"","width":"","_kind":"water"},"geometry":{"type":"Polygon","coordinates":[[[113.0237871,25.8461144],[113.0185676,25.8431501],[113.0174196,25.8396498],[113.0156735,25.8367988],[113.0189726,25.8329506],[113.0201232,25.830353],[113.021408,25.8239165],[113.022261,25.8225451],[113.0249727,25.8203866],[113.0283469,25.8236992],[113.0292883,25.8239696],[113.0299133,25.8234408],[113.0286634,25.8233418],[113.0252114,25.8200051],[113.0211693,25.8230835],[113.0190584,25.8316759],[113.0151021,25.8370184],[113.0181599,25.8434977],[113.0241975,25.8473189],[113.0249512,25.8494262],[113.0245489,25.8509662],[113.0250746,25.8510652],[113.0254742,25.84883],[113.0237871,25.8461144]]]}},{"type":"Feature","properties":{"osm_id":523093329,"waterway":"","water":"","natural":"","name":"","name:zh":"","width":"","_kind":"water"},"geometry":{"type":"Polygon","coordinates":[[[113.0179372,25.8041437],[113.0181625,25.8037307],[113.0190691,25.804559],[113.0183101,25.8028952],[113.0198953,25.8016178],[113.0199677,25.8026924],[113.0214536,25.8032671],[113.0234083,25.8022716],[113.0238384,25.8026062],[113.0227867,25.8050685],[113.0221134,25.8046266],[113.0211344,25.8051892],[113.0222315,25.8051675],[113.0221,25.8055587],[113.0191281,25.8056263],[113.0179372,25.8041437]]]}},{"type":"Feature","properties":{"osm_id":523143409,"waterway":"","water":"lake","natural":"water","name":"","name:zh":"","width":"","_kind":"water"},"geometry":{"type":"Polygon","coordinates":[[[113.0420959,25.8374675],[113.0423413,25.8366708],[113.0430977,25.8370112],[113.0442578,25.8363872],[113.0438916,25.8374554],[113.0445997,25.8380698],[113.0420959,25.8374675]]]}},{"type":"Feature","properties":{"osm_id":523143430,"waterway":"","water":"pond","natural":"water","name":"","name:zh":"","width":"","_kind":"water"},"geometry":{"type":"Polygon","coordinates":[[[113.0071226,25.8383389],[113.0083135,25.8377475],[113.0081713,25.8372357],[113.0071226,25.8383389]]]}},{"type":"Feature","properties":{"osm_id":523150668,"waterway":"","water":"river","natural":"water","name":"","name:zh":"","width":"","_kind":"water"},"geometry":{"type":"Polygon","coordinates":[[[113.0814359,25.9017635],[113.0807626,25.9019975],[113.0813085,25.9026815],[113.082891,25.9025331],[113.0838069,25.9032461],[113.0843782,25.9050593],[113.0863014,25.9032594],[113.086068,25.9047721],[113.0844882,25.905841],[113.0835199,25.905701],[113.0827622,25.9029542],[113.081236,25.9032533],[113.0801967,25.902094],[113.0809557,25.9008068],[113.0801859,25.8996969],[113.0765945,25.8979102],[113.0737406,25.8926067],[113.0734992,25.8894963],[113.069272,25.8835831],[113.0680919,25.8805147],[113.0668527,25.8809853],[113.0656296,25.8825756],[113.0604154,25.8840597],[113.0597609,25.8834878],[113.057937,25.8744164],[113.0547103,25.8742789],[113.0513468,25.8723433],[113.0491555,25.8745853],[113.048434,25.8744671],[113.0510598,25.8719138],[113.0551127,25.8739217],[113.0580389,25.8739627],[113.0587527,25.8748008],[113.0604476,25.883799],[113.0648947,25.8826263],[113.0668996,25.8804689],[113.0684888,25.8803904],[113.0694021,25.8832597],[113.0737956,25.8887133],[113.0747652,25.8934343],[113.07697,25.8976737],[113.0812642,25.8999418],[113.0817819,25.9008876],[113.0814359,25.9017635]]]}},{"type":"Feature","properties":{"osm_id":523150670,"waterway":"","water":"","natural":"","name":"","name:zh":"","width":"","_kind":"water"},"geometry":{"type":"Polygon","coordinates":[[[113.0471867,25.8739917],[113.0467696,25.8727874],[113.0497885,25.8700772],[113.0496919,25.8689453],[113.0459905,25.8697441],[113.0420423,25.8662856],[113.0416346,25.8622092],[113.0351517,25.8611327],[113.0341673,25.8581012],[113.0352724,25.855492],[113.0344181,25.8530457],[113.0315642,25.851805],[113.0297215,25.8518943],[113.0254072,25.8536986],[113.0244979,25.8532497],[113.0245489,25.8509662],[113.0250746,25.8510652],[113.0250934,25.8533945],[113.0274859,25.8527717],[113.0297175,25.8513102],[113.034862,25.8528007],[113.0356881,25.8549393],[113.0346474,25.8582895],[113.035436,25.8603918],[113.0364177,25.8611376],[113.0420423,25.8619485],[113.0427772,25.8666404],[113.0459449,25.8693025],[113.0470929,25.8695245],[113.0487666,25.8684216],[113.0500594,25.8689139],[113.0502203,25.8700627],[113.0474348,25.8732206],[113.0475113,25.8739712],[113.048434,25.8744671],[113.0471867,25.8739917]]]}},{"type":"Feature","properties":{"osm_id":526904413,"waterway":"","water":"reservoir","natural":"water","name":"","name:zh":"","width":"","_kind":"water"},"geometry":{"type":"Polygon","coordinates":[[[113.1181928,25.8182353],[113.1187266,25.8180832],[113.1200758,25.8195899],[113.1202447,25.8214465],[113.1212962,25.823267],[113.1209877,25.8245901],[113.1222966,25.8259445],[113.1221062,25.8293921],[113.1229699,25.8330762],[113.1210709,25.8306765],[113.1204271,25.828296],[113.1178844,25.8271661],[113.1176484,25.8252492],[113.1188661,25.823675],[113.1195152,25.8207488],[113.1181928,25.8182353]]]}},{"type":"Feature","properties":{"osm_id":526904441,"waterway":"","water":"canal","natural":"water","name":"","name:zh":"","width":"","_kind":"water"},"geometry":{"type":"Polygon","coordinates":[[[113.1223798,25.8425369],[113.1342566,25.8427493],[113.1366625,25.8422786],[113.1223798,25.8425369]]]}},{"type":"Feature","properties":{"osm_id":526904444,"waterway":"","water":"river","natural":"water","name":"","name:zh":"","width":"","_kind":"water"},"geometry":{"type":"Polygon","coordinates":[[[113.1366625,25.8422786],[113.1376764,25.84273],[113.1378561,25.8417427],[113.1393072,25.8422183],[113.1417266,25.8450136],[113.1422093,25.8447819],[113.1412907,25.8427252],[113.1454521,25.8422303],[113.1443632,25.8416969],[113.1432796,25.842304],[113.1409138,25.8422521],[113.1385401,25.8407566],[113.1382598,25.8350642],[113.1401803,25.8339404],[113.141697,25.8342832],[113.1403171,25.833005],[113.137832,25.8330508],[113.1371762,25.8303457],[113.1374779,25.838969],[113.1363595,25.8412792],[113.1366625,25.8422786]]]}},{"type":"Feature","properties":{"osm_id":526904528,"waterway":"","water":"river","natural":"water","name":"","name:zh":"","width":"","_kind":"water"},"geometry":{"type":"Polygon","coordinates":[[[113.1119866,25.8074258],[113.1124969,25.8077173],[113.1136009,25.8052496],[113.1147194,25.8045324],[113.1147596,25.8034096],[113.1157475,25.8024441],[113.1155642,25.801223],[113.1174928,25.7988287],[113.1169483,25.7985051],[113.115221,25.8007364],[113.1119866,25.8074258]]]}},{"type":"Feature","properties":{"osm_id":604470062,"waterway":"stream","water":"","natural":"","name":"","name:zh":"","width":"","_kind":"river"},"geometry":{"type":"LineString","coordinates":[[112.7806981,25.5170323],[112.7774885,25.5165953],[112.7778306,25.517459],[112.7773156,25.5182222],[112.7758049,25.5183505],[112.7757857,25.5165432],[112.7741213,25.5144549],[112.7751015,25.5132581],[112.7733912,25.5098379],[112.7719153,25.5086204],[112.7704778,25.5088563],[112.7700665,25.5098345],[112.7693132,25.5098657],[112.7669033,25.5069553],[112.7648892,25.5060117],[112.7652083,25.5031948],[112.7636862,25.5030179]]}},{"type":"Feature","properties":{"osm_id":604514364,"waterway":"","water":"","natural":"water","name":"","name:zh":"","width":"","_kind":"water"},"geometry":{"type":"Polygon","coordinates":[[[112.7621905,25.4802343],[112.7614835,25.4809974],[112.7620829,25.4822254],[112.763351,25.4805812],[112.7631435,25.4788606],[112.7622827,25.4781807],[112.7621905,25.4802343]]]}},{"type":"Feature","properties":{"osm_id":604514456,"waterway":"stream","water":"","natural":"","name":"","name:zh":"","width":"","_kind":"river"},"geometry":{"type":"LineString","coordinates":[[112.7636862,25.5030179],[112.7632096,25.5005478],[112.7646663,25.4993128],[112.7620526,25.4985114],[112.7613108,25.4965894],[112.7575433,25.4923293],[112.7571283,25.4898872],[112.7549493,25.4896235],[112.7533468,25.4876254],[112.7518211,25.4886002],[112.7484556,25.4869286],[112.7475333,25.4863146],[112.7470645,25.4846357],[112.7453775,25.4842333],[112.7428106,25.4824122],[112.7422919,25.4808477],[112.7442824,25.4755991],[112.7403581,25.4685595],[112.7414067,25.4662148]]}},{"type":"Feature","properties":{"osm_id":604514457,"waterway":"stream","water":"","natural":"","name":"","name:zh":"","width":"","_kind":"river"},"geometry":{"type":"LineString","coordinates":[[112.7613608,25.5054289],[112.7635017,25.5042113],[112.7636862,25.5030179]]}},{"type":"Feature","properties":{"osm_id":604514461,"waterway":"stream","water":"","natural":"","name":"","name:zh":"","width":"","_kind":"river"},"geometry":{"type":"LineString","coordinates":[[112.7414067,25.4662148],[112.739717,25.4649493],[112.739391,25.4635365],[112.7400702,25.46232],[112.736794,25.4601273],[112.7349685,25.4549224],[112.7331212,25.4548243],[112.7306002,25.4524647],[112.7282151,25.4533134],[112.7261668,25.4526658],[112.7259441,25.4502227],[112.7226896,25.4470436],[112.7209347,25.4437615],[112.7213042,25.4418922],[112.7198753,25.4390858],[112.7180552,25.4385707],[112.7175499,25.4374029],[112.7136816,25.4354996],[112.7102812,25.4353377],[112.7081138,25.4367211],[112.7057942,25.4357645],[112.7035246,25.4357872]]}},{"type":"Feature","properties":{"osm_id":604590187,"waterway":"","water":"pond","natural":"water","name":"","name:zh":"","width":"","_kind":"water"},"geometry":{"type":"Polygon","coordinates":[[[112.8306553,25.512583],[112.8309693,25.5121041],[112.8293863,25.511457],[112.8292238,25.5121057],[112.8304919,25.5127161],[112.829603,25.5131497],[112.8310159,25.5135133],[112.8314824,25.5129901],[112.8306553,25.512583]]]}},{"type":"Feature","properties":{"osm_id":604590201,"waterway":"stream","water":"","natural":"","name":"西河","name:zh":"西河","width":"","_kind":"river"},"geometry":{"type":"LineString","coordinates":[[112.7697129,25.5829022],[112.7692535,25.5836763],[112.7703531,25.5850032],[112.7699235,25.5864351],[112.7695375,25.5871182],[112.7681902,25.5874006],[112.7660564,25.5867832],[112.7667337,25.5887471],[112.7628449,25.5879129],[112.7586064,25.5895353],[112.7536398,25.5901494]]}},{"type":"Feature","properties":{"osm_id":604590216,"waterway":"stream","water":"","natural":"","name":"","name:zh":"","width":"","_kind":"river"},"geometry":{"type":"LineString","coordinates":[[112.8424299,25.6367816],[112.8431232,25.6398921],[112.8421714,25.6414677],[112.8426104,25.6433909],[112.8437795,25.6446827],[112.8435648,25.6460007],[112.8444529,25.6481864],[112.8437045,25.6501477],[112.8444703,25.6533276],[112.8433854,25.654771],[112.8451492,25.6575219]]}},{"type":"Feature","properties":{"osm_id":604590217,"waterway":"","water":"pond","natural":"water","name":"","name:zh":"","width":"","_kind":"water"},"geometry":{"type":"Polygon","coordinates":[[[112.8290594,25.5113514],[112.8283166,25.5119203],[112.8289944,25.5120046],[112.8290594,25.5113514]]]}},{"type":"Feature","properties":{"osm_id":604620389,"waterway":"stream","water":"","natural":"","name":"","name:zh":"","width":"","_kind":"river"},"geometry":{"type":"LineString","coordinates":[[112.8135513,25.5621178],[112.8122516,25.5622552],[112.809973,25.5608913],[112.8091409,25.5616076],[112.8089615,25.5628243]]}},{"type":"Feature","properties":{"osm_id":604620391,"waterway":"stream","water":"","natural":"","name":"","name:zh":"","width":"","_kind":"river"},"geometry":{"type":"LineString","coordinates":[[112.8264583,25.5731618],[112.8241549,25.5716148],[112.8216054,25.5729259]]}},{"type":"Feature","properties":{"osm_id":604620392,"waterway":"stream","water":"","natural":"","name":"","name:zh":"","width":"","_kind":"river"},"geometry":{"type":"LineString","coordinates":[[112.8265198,25.5671678],[112.8256469,25.5675702],[112.824201,25.57081],[112.8219822,25.5712505],[112.8216054,25.5729259],[112.8203595,25.5744417],[112.8175158,25.5734451],[112.8160855,25.5700504],[112.8140245,25.5687554],[112.8141332,25.5671316],[112.8128063,25.566278],[112.8117893,25.5640115],[112.8089615,25.5628243]]}},{"type":"Feature","properties":{"osm_id":604656751,"waterway":"river","water":"","natural":"","name":"","name:zh":"","width":"","_kind":"river"},"geometry":{"type":"LineString","coordinates":[[112.9678651,25.5625904],[112.9696706,25.5627683],[112.9714329,25.5612118],[112.9737314,25.5616732],[112.9748837,25.5627127],[112.9786118,25.5616954],[112.9834744,25.5633504],[112.9858575,25.5627643],[112.989326,25.559742],[112.9906155,25.5565671],[112.9926031,25.5555766],[112.9934815,25.5535039],[112.9953284,25.5539307],[112.996066,25.5533211],[112.9972106,25.5541677],[112.9994861,25.5536822],[112.9997859,25.5531135],[112.9986943,25.5517403],[113.0000934,25.5515045],[113.0009698,25.552413],[113.0025073,25.5517749],[113.0031453,25.5522119],[113.0040524,25.5503254],[113.0051145,25.5514909],[113.0079725,25.551196],[113.0100482,25.543044],[113.0123013,25.5396172],[113.0120277,25.5381506],[113.0137551,25.5351302],[113.0156433,25.535135],[113.0154824,25.5338087],[113.0168557,25.5326131],[113.0167128,25.5312902]]}},{"type":"Feature","properties":{"osm_id":604656752,"waterway":"river","water":"","natural":"","name":"白沙水","name:zh":"","width":"","_kind":"river"},"geometry":{"type":"LineString","coordinates":[[112.9971421,25.5357329],[112.9993218,25.5352056],[112.999983,25.5333255],[113.003682,25.5323229],[113.0049122,25.5307688],[113.0139924,25.5298114],[113.015907,25.5312636],[113.0171909,25.531199],[113.0190361,25.5296865],[113.0185133,25.5278965],[113.0210352,25.5256902],[113.0201164,25.5222017],[113.020237,25.5198245],[113.0217583,25.5178762],[113.0239579,25.5182642],[113.0264666,25.5162212],[113.0333089,25.5161657],[113.0359991,25.5151725]]}},{"type":"Feature","properties":{"osm_id":604656753,"waterway":"stream","water":"","natural":"","name":"","name:zh":"","width":"","_kind":"river"},"geometry":{"type":"LineString","coordinates":[[113.0403762,25.5325958],[113.0359991,25.5151725]]}},{"type":"Feature","properties":{"osm_id":604933739,"waterway":"stream","water":"","natural":"","name":"","name:zh":"","width":"","_kind":"river"},"geometry":{"type":"LineString","coordinates":[[113.1660575,25.5371832],[113.1675504,25.5389316],[113.1699328,25.5400637],[113.1721404,25.5396338],[113.1737921,25.5408375],[113.1758411,25.5405231]]}},{"type":"Feature","properties":{"osm_id":604936073,"waterway":"stream","water":"","natural":"","name":"","name:zh":"","width":"","_kind":"river"},"geometry":{"type":"LineString","coordinates":[[113.1121414,25.5294557],[113.1119491,25.528694],[113.1106562,25.52813]]}},{"type":"Feature","properties":{"osm_id":604936076,"waterway":"stream","water":"","natural":"","name":"","name:zh":"","width":"","_kind":"river"},"geometry":{"type":"LineString","coordinates":[[113.1106562,25.52813],[113.1105333,25.5280432]]}},{"type":"Feature","properties":{"osm_id":604936079,"waterway":"stream","water":"","natural":"","name":"","name:zh":"","width":"","_kind":"river"},"geometry":{"type":"LineString","coordinates":[[113.1033248,25.52201],[113.1036875,25.5237487],[113.1061203,25.5249691],[113.1062639,25.5257395],[113.1081225,25.5262099],[113.1099283,25.5280849]]}},{"type":"Feature","properties":{"osm_id":604936082,"waterway":"stream","water":"","natural":"","name":"","name:zh":"","width":"","_kind":"river"},"geometry":{"type":"LineString","coordinates":[[113.1105333,25.5280432],[113.1099283,25.5280849]]}},{"type":"Feature","properties":{"osm_id":604936084,"waterway":"stream","water":"","natural":"","name":"","name:zh":"","width":"","_kind":"river"},"geometry":{"type":"LineString","coordinates":[[113.1099283,25.5280849],[113.1102683,25.5297484],[113.1089914,25.5304302],[113.1090518,25.5317255],[113.1069363,25.535482],[113.1073821,25.5366068],[113.1053346,25.5375681],[113.1073141,25.5386452],[113.1069665,25.5417333],[113.1050701,25.544576],[113.1029168,25.5459462],[113.1017066,25.5504866],[113.1024773,25.5518772],[113.1012835,25.5541607],[113.1030893,25.5571394],[113.1012457,25.559634],[113.1014573,25.5625104],[113.0996667,25.56478],[113.0997347,25.5657138],[113.1009435,25.5667906]]}},{"type":"Feature","properties":{"osm_id":604940995,"waterway":"","water":"","natural":"water","name":"","name:zh":"","width":"","_kind":"water"},"geometry":{"type":"Polygon","coordinates":[[[113.2138427,25.5956827],[113.2132849,25.5965014],[113.2154542,25.5980693],[113.2179005,25.5984647],[113.219239,25.5999216],[113.220716,25.6001921],[113.2218929,25.6016073],[113.2224006,25.6014894],[113.2217083,25.6000395],[113.2138427,25.5956827]]]}},{"type":"Feature","properties":{"osm_id":605254640,"waterway":"river","water":"","natural":"","name":"东江","name:zh":"东江","width":"","_kind":"river"},"geometry":{"type":"LineString","coordinates":[[113.3087252,25.8735458],[113.3084801,25.8762034],[113.30661,25.8796605],[113.296439,25.8811759],[113.294599,25.8874308],[113.2938588,25.8881257],[113.2888913,25.889506],[113.2876253,25.8911179],[113.2789711,25.904341],[113.2753662,25.911135],[113.2743362,25.9146862],[113.2750229,25.9176198],[113.2712463,25.922406],[113.2686714,25.9307428],[113.258239,25.9403614],[113.2545054,25.948639],[113.2496774,25.9543114],[113.2467377,25.9555848],[113.2454503,25.9554763],[113.2438517,25.9539352],[113.241502,25.946314],[113.2377362,25.9404386],[113.2348541,25.9384615],[113.2298505,25.9372644],[113.2227051,25.9374188],[113.214401,25.9399272],[113.2098949,25.9423778],[113.2036829,25.9490828],[113.2018375,25.9501826],[113.194263,25.95162],[113.1898159,25.9505588],[113.179543,25.9410657],[113.1764316,25.9364732],[113.1747065,25.9321409],[113.1732988,25.9162681],[113.1715178,25.9125818],[113.1684011,25.9101837],[113.1639594,25.9099811],[113.1601506,25.9124033],[113.1587666,25.9150957],[113.1568354,25.916794],[113.1450752,25.9187006],[113.1371788,25.9210165],[113.1277374,25.9194725],[113.1232742,25.9229463],[113.1213859,25.9236411],[113.1165794,25.9239499],[113.1146911,25.9253394],[113.1122879,25.9288902],[113.1075994,25.9293823]]}},{"type":"Feature","properties":{"osm_id":605917485,"waterway":"stream","water":"","natural":"","name":"","name:zh":"","width":"","_kind":"river"},"geometry":{"type":"LineString","coordinates":[[113.2486405,26.0084854],[113.2490172,26.0101584],[113.2476252,26.0123758],[113.2474123,26.0139555]]}},{"type":"Feature","properties":{"osm_id":605917486,"waterway":"stream","water":"","natural":"","name":"","name:zh":"","width":"","_kind":"river"},"geometry":{"type":"LineString","coordinates":[[113.2597582,26.0131796],[113.2587015,26.0137816],[113.2586975,26.0146273],[113.2545961,26.0165261],[113.2474123,26.0139555],[113.2449831,26.013671],[113.2388582,26.0180763],[113.2387163,26.0190084],[113.2381376,26.0186994],[113.2376791,26.0201661],[113.2354692,26.0203581],[113.2343709,26.0214103],[113.2335632,26.0263536]]}},{"type":"Feature","properties":{"osm_id":605923737,"waterway":"stream","water":"","natural":"","name":"","name:zh":"","width":"","_kind":"river"},"geometry":{"type":"LineString","coordinates":[[112.8676669,25.7905703],[112.8661088,25.7929836],[112.8679011,25.7936164],[112.8677444,25.7948191]]}},{"type":"Feature","properties":{"osm_id":605977444,"waterway":"","water":"","natural":"water","name":"","name:zh":"","width":"","_kind":"water"},"geometry":{"type":"Polygon","coordinates":[[[112.9275493,25.7643528],[112.9267482,25.7639504],[112.9256389,25.7648453],[112.9276109,25.7649147],[112.9275493,25.7643528]]]}},{"type":"Feature","properties":{"osm_id":606011349,"waterway":"river","water":"","natural":"","name":"西河","name:zh":"西河","width":"","_kind":"river"},"geometry":{"type":"LineString","coordinates":[[112.8914347,25.8468504],[112.8939228,25.8472506],[112.8945185,25.8483085],[112.8933589,25.8519677],[112.891638,25.8538025],[112.8914121,25.8551312],[112.8939653,25.854617],[112.8954499,25.8521587],[112.8968868,25.8513982],[112.9007175,25.8565003],[112.9023051,25.857016],[112.9032489,25.8567231],[112.9032489,25.8534839],[112.9038488,25.8521587],[112.9066848,25.8515206],[112.9074725,25.8505576],[112.9102349,25.8493814],[112.914162,25.8484876],[112.9178651,25.8499991],[112.9190179,25.8510299],[112.9192794,25.8525596],[112.9178106,25.8543673],[112.9183014,25.8555943],[112.9221096,25.8573507],[112.9235916,25.8641337],[112.926264,25.8665874],[112.9262991,25.870169],[112.9278448,25.8709371],[112.9329826,25.871055],[112.9353368,25.8717644],[112.9379352,25.8742918],[112.939686,25.8745375],[112.9399919,25.8731916],[112.9419749,25.8707468],[112.9446297,25.8703615],[112.9504689,25.8671763],[112.9562902,25.8662929],[112.9605686,25.8623179],[112.9617747,25.8621324]]}},{"type":"Feature","properties":{"osm_id":606011414,"waterway":"stream","water":"","natural":"","name":"","name:zh":"","width":"","_kind":"river"},"geometry":{"type":"LineString","coordinates":[[112.9525169,25.8588187],[112.9532185,25.8600536],[112.9549917,25.8610041],[112.9563564,25.8593044],[112.9573278,25.859568],[112.9583609,25.8606295],[112.9585382,25.8623431],[112.9599277,25.8629134]]}},{"type":"Feature","properties":{"osm_id":606011417,"waterway":"stream","water":"","natural":"","name":"","name:zh":"","width":"","_kind":"river"},"geometry":{"type":"LineString","coordinates":[[112.9894526,25.8760649],[112.9885505,25.8743999],[112.9870315,25.874046],[112.986376,25.8732274],[112.9850112,25.8731927],[112.9845563,25.872263],[112.9834537,25.8722075],[112.9829293,25.8737824],[112.9822354,25.8737824],[112.9820117,25.872374],[112.9806701,25.8714235],[112.9802922,25.8724156],[112.978033,25.8721243],[112.9771308,25.8743791],[112.9762476,25.8748024],[112.9731329,25.8752672],[112.971722,25.8740254],[112.9692317,25.8744347],[112.9692472,25.8752949],[112.9680892,25.8765629]]}},{"type":"Feature","properties":{"osm_id":606011420,"waterway":"stream","water":"","natural":"","name":"","name:zh":"","width":"","_kind":"river"},"geometry":{"type":"LineString","coordinates":[[112.9255714,25.8733351],[112.9266817,25.87269],[112.9272315,25.870821]]}},{"type":"Feature","properties":{"osm_id":606025752,"waterway":"","water":"","natural":"water","name":"","name:zh":"","width":"","_kind":"water"},"geometry":{"type":"Polygon","coordinates":[[[112.9832993,25.9753028],[112.9823423,25.9756427],[112.9830137,25.975948],[112.9832993,25.9753028]]]}},{"type":"Feature","properties":{"osm_id":606030824,"waterway":"","water":"","natural":"","name":"","name:zh":"","width":"","_kind":"water"},"geometry":{"type":"Polygon","coordinates":[[[112.9997197,25.987122],[112.9978983,25.9860259],[112.9939084,25.9810586],[112.994518,25.9760703],[112.9924189,25.9760842],[112.9880044,25.9798237],[112.9866307,25.9801567],[112.986623,25.9806632],[112.9879735,25.980344],[112.9925732,25.9767503],[112.9938852,25.976556],[112.9929437,25.9804065],[112.9981299,25.9870665],[113.0036016,25.9883498],[113.0131946,25.9920196],[113.0136703,25.991694],[113.008273,25.9886986],[112.9997197,25.987122]]]}},{"type":"Feature","properties":{"osm_id":606032102,"waterway":"","water":"river","natural":"water","name":"","name:zh":"","width":"","_kind":"water"},"geometry":{"type":"Polygon","coordinates":[[[113.1068337,25.928272],[113.1078503,25.9284046],[113.1074023,25.925908],[113.1026494,25.9237321],[113.1012198,25.9222654],[113.1017858,25.9204826],[113.1025743,25.920046],[113.102054,25.9132477],[113.1025127,25.9108399],[113.1033334,25.9103309],[113.1014049,25.9097157],[113.0997688,25.9114479],[113.0982667,25.9114141],[113.0988246,25.9095999],[113.0995703,25.9092621],[113.0996507,25.9072114],[113.0977625,25.9068205],[113.098028,25.9056431],[113.0972475,25.9060123],[113.0974004,25.9071655],[113.096078,25.9071197],[113.0945384,25.9054019],[113.0927145,25.9050834],[113.0904722,25.9070376],[113.0892384,25.9028299],[113.0880099,25.9023087],[113.086347,25.9031484],[113.0864167,25.9041062],[113.0875044,25.9029433],[113.088714,25.9031098],[113.0892478,25.9045526],[113.0888227,25.9067735],[113.0901879,25.9079448],[113.0913506,25.907975],[113.0930565,25.9056009],[113.0949435,25.9073995],[113.098771,25.908174],[113.0972743,25.9097953],[113.0972716,25.9114021],[113.0980012,25.9119545],[113.099589,25.9121958],[113.1017724,25.9106831],[113.1011528,25.9120896],[113.1001496,25.9220676],[113.1014344,25.9238864],[113.1055248,25.9266413],[113.1068337,25.928272]]]}},{"type":"Feature","properties":{"osm_id":606036952,"waterway":"","water":"","natural":"water","name":"","name:zh":"","width":"","_kind":"water"},"geometry":{"type":"Polygon","coordinates":[[[113.0437228,26.0124886],[113.0435645,26.0119097],[113.0429695,26.0123022],[113.0437228,26.0124886]]]}},{"type":"Feature","properties":{"osm_id":606036954,"waterway":"","water":"","natural":"water","name":"","name:zh":"","width":"","_kind":"water"},"geometry":{"type":"Polygon","coordinates":[[[113.0688266,26.0374667],[113.0688648,26.0367555],[113.068237,26.0369321],[113.0688266,26.0374667]]]}},{"type":"Feature","properties":{"osm_id":606036955,"waterway":"","water":"","natural":"water","name":"","name:zh":"","width":"","_kind":"water"},"geometry":{"type":"Polygon","coordinates":[[[113.0714305,26.0350976],[113.0708955,26.0345973],[113.0704479,26.0352546],[113.0714305,26.0350976]]]}},{"type":"Feature","properties":{"osm_id":606036956,"waterway":"","water":"","natural":"water","name":"","name:zh":"","width":"","_kind":"water"},"geometry":{"type":"Polygon","coordinates":[[[113.0456223,26.0126259],[113.045011,26.0120618],[113.0446835,26.0128172],[113.0450656,26.01319],[113.0456223,26.0126259]]]}},{"type":"Feature","properties":{"osm_id":606036957,"waterway":"","water":"","natural":"water","name":"","name:zh":"","width":"","_kind":"water"},"geometry":{"type":"Polygon","coordinates":[[[113.071507,26.0351025],[113.0722112,26.0350976],[113.0716653,26.0342638],[113.071507,26.0351025]]]}},{"type":"Feature","properties":{"osm_id":606036958,"waterway":"","water":"","natural":"water","name":"","name:zh":"","width":"","_kind":"water"},"geometry":{"type":"Polygon","coordinates":[[[113.0276042,26.0071366],[113.0283629,26.0066461],[113.0275988,26.0054343],[113.0271525,26.0064197],[113.0276042,26.0071366]]]}},{"type":"Feature","properties":{"osm_id":606036959,"waterway":"","water":"","natural":"water","name":"","name:zh":"","width":"","_kind":"water"},"geometry":{"type":"Polygon","coordinates":[[[113.0720092,26.0427885],[113.0734012,26.0426119],[113.0717908,26.0414201],[113.0720092,26.0427885]]]}},{"type":"Feature","properties":{"osm_id":606053904,"waterway":"","water":"","natural":"water","name":"","name:zh":"","width":"","_kind":"water"},"geometry":{"type":"Polygon","coordinates":[[[113.0325845,26.0510049],[113.0348086,26.050096],[113.0321752,26.0500058],[113.0316577,26.0508176],[113.0325845,26.0510049]]]}},{"type":"Feature","properties":{"osm_id":606053938,"waterway":"stream","water":"","natural":"","name":"","name:zh":"","width":"","_kind":"river"},"geometry":{"type":"LineString","coordinates":[[112.8842627,26.0338264],[112.8840825,26.0350775],[112.8816909,26.0345575],[112.879332,26.0360097],[112.8770575,26.0365143],[112.8813277,26.0410658],[112.8812428,26.044292]]}},{"type":"Feature","properties":{"osm_id":606053939,"waterway":"stream","water":"","natural":"","name":"泉波河","name:zh":"","width":"","_kind":"river"},"geometry":{"type":"LineString","coordinates":[[112.7784773,26.0559491],[112.7804578,26.0524023],[112.7806435,26.0470109],[112.7830226,26.0458827],[112.7837015,26.0437203],[112.7861381,26.0420354],[112.789854,26.0438086],[112.7920368,26.0428491],[112.7928722,26.0436319],[112.7940468,26.0431027],[112.7950254,26.0435214],[112.7964615,26.0422506],[112.8008129,26.0432738],[112.8017978,26.0443402],[112.8021405,26.0478324],[112.8082689,26.0481802],[112.8091497,26.0492904],[112.8106274,26.0496175],[112.8119249,26.0529016],[112.8152883,26.0541779],[112.8171876,26.0561637],[112.8187469,26.0564897],[112.8200746,26.0550798],[112.8215484,26.0560041],[112.8227954,26.0552078],[112.8251272,26.0554324],[112.8263889,26.0545843],[112.8274991,26.0547895],[112.8302151,26.0534715],[112.8331931,26.0542996],[112.8355621,26.0530351],[112.8385604,26.0501742],[112.8412085,26.0505345],[112.8429329,26.0522192],[112.8438829,26.0545259],[112.8457007,26.054918],[112.8475252,26.0544905],[112.8489204,26.052888],[112.8523671,26.0527176],[112.8521577,26.0498678],[112.8544483,26.0468516],[112.8567333,26.0471345],[112.8573287,26.0464291],[112.8596359,26.0464725],[112.8609214,26.0448103],[112.8608947,26.0439613],[112.8620969,26.0437618],[112.8629538,26.0423727],[112.8636252,26.0422866],[112.8639454,26.0404067],[112.8663624,26.0396574],[112.8673199,26.0402194],[112.8708258,26.0378812],[112.8725709,26.0391647],[112.8745478,26.0388733],[112.875791,26.0409132],[112.8812428,26.044292]]}},{"type":"Feature","properties":{"osm_id":606060705,"waterway":"stream","water":"","natural":"","name":"","name:zh":"","width":"","_kind":"river"},"geometry":{"type":"LineString","coordinates":[[112.7468991,26.013471],[112.7478408,26.0122502],[112.7467833,26.010523],[112.7487361,26.0097392],[112.7498167,26.0083449],[112.7504033,26.0036764],[112.7491143,26.001401],[112.7488827,25.9985567],[112.7495851,25.9969612],[112.7489445,25.994644],[112.7498089,25.9937838],[112.7490217,25.9919176],[112.7468219,25.9901831],[112.7474987,25.9862372],[112.7453839,25.9835105]]}},{"type":"Feature","properties":{"osm_id":606060710,"waterway":"stream","water":"","natural":"","name":"","name:zh":"","width":"","_kind":"river"},"geometry":{"type":"LineString","coordinates":[[112.738131,25.9812954],[112.7362786,25.9769312],[112.73509,25.975814],[112.7344262,25.9734757],[112.7303123,25.9710887],[112.7302737,25.9699993],[112.7288613,25.9685629],[112.7276032,25.9684519],[112.7250574,25.9646604]]}},{"type":"Feature","properties":{"osm_id":606060713,"waterway":"stream","water":"","natural":"","name":"","name:zh":"","width":"","_kind":"river"},"geometry":{"type":"LineString","coordinates":[[112.7565008,26.0060974],[112.7547796,26.0049875],[112.753753,26.0024069],[112.7525157,26.001271],[112.7528321,26.0004177],[112.7514814,25.9976706],[112.7517901,25.9966577],[112.7507482,25.9939937],[112.7507636,25.9922246],[112.7483169,25.9879925],[112.7472749,25.9876248]]}},{"type":"Feature","properties":{"osm_id":606060716,"waterway":"stream","water":"","natural":"","name":"","name:zh":"","width":"","_kind":"river"},"geometry":{"type":"LineString","coordinates":[[112.7473135,25.9865425],[112.7454403,25.985944],[112.7451138,25.9831012],[112.7424123,25.9818315],[112.742065,25.975004],[112.738584,25.9735885],[112.7358131,25.9668646],[112.7333278,25.9658862],[112.7301247,25.9655947],[112.7299008,25.9648869],[112.7275622,25.9646996],[112.7259148,25.9636442]]}},{"type":"Feature","properties":{"osm_id":707971703,"waterway":"","water":"","natural":"","name":"","name:zh":"","width":"","_kind":"water"},"geometry":{"type":"Polygon","coordinates":[[[113.054531,25.7836631],[113.0558336,25.7819481],[113.0560883,25.7798795],[113.0540458,25.7784931],[113.0534048,25.7789478],[113.0538563,25.780233],[113.0545065,25.779513],[113.0553406,25.7803031],[113.0543545,25.7813546],[113.05423,25.7832285],[113.0532283,25.7841491],[113.054531,25.7836631]]]}},{"type":"Feature","properties":{"osm_id":712900399,"waterway":"drain","water":"","natural":"","name":"左干渠","name:zh":"","width":"","_kind":"river"},"geometry":{"type":"LineString","coordinates":[[112.9309937,25.4459565],[112.9315123,25.4472153],[112.9327101,25.4467645],[112.9328131,25.4478232],[112.9339618,25.4475071],[112.9344365,25.4482506],[112.9356987,25.4477282],[112.9358741,25.4484343],[112.938388,25.4500422],[112.9393909,25.4496727],[112.9406494,25.4503195]]}},{"type":"Feature","properties":{"osm_id":712900400,"waterway":"drain","water":"","natural":"","name":"","name:zh":"","width":"","_kind":"river"},"geometry":{"type":"LineString","coordinates":[[112.9406494,25.4503195],[112.9408773,25.4502879]]}},{"type":"Feature","properties":{"osm_id":712900401,"waterway":"drain","water":"","natural":"","name":"左干渠","name:zh":"","width":"","_kind":"river"},"geometry":{"type":"LineString","coordinates":[[112.9408773,25.4502879],[112.9424305,25.4510414],[112.9447727,25.4505158],[112.9475321,25.4514213],[112.9487277,25.4506235],[112.9519608,25.4509246],[112.9526599,25.4499338],[112.953986,25.4498729],[112.9554192,25.4509591],[112.956507,25.4505325],[112.9579482,25.4515183]]}},{"type":"Feature","properties":{"osm_id":732740007,"waterway":"stream","water":"","natural":"","name":"","name:zh":"","width":"","_kind":"river"},"geometry":{"type":"LineString","coordinates":[[113.0085117,25.6034456],[113.0087842,25.6049507]]}},{"type":"Feature","properties":{"osm_id":732740008,"waterway":"","water":"pond","natural":"water","name":"","name:zh":"","width":"","_kind":"water"},"geometry":{"type":"Polygon","coordinates":[[[113.0087416,25.6042788],[113.0086777,25.6035838],[113.0091503,25.6037681],[113.0087416,25.6042788]]]}},{"type":"Feature","properties":{"osm_id":732740074,"waterway":"","water":"reservoir","natural":"water","name":"","name:zh":"","width":"","_kind":"water"},"geometry":{"type":"Polygon","coordinates":[[[113.0249552,25.56894],[113.0249552,25.5679889],[113.0258541,25.5678426],[113.026699,25.5687937],[113.0249552,25.56894]]]}},{"type":"Feature","properties":{"osm_id":732740076,"waterway":"","water":"reservoir","natural":"water","name":"","name:zh":"","width":"","_kind":"water"},"geometry":{"type":"Polygon","coordinates":[[[113.0191021,25.5714336],[113.0186358,25.5707751],[113.0214339,25.569062],[113.0191021,25.5714336]]]}},{"type":"Feature","properties":{"osm_id":732740140,"waterway":"","water":"reservoir","natural":"water","name":"","name:zh":"","width":"","_kind":"water"},"geometry":{"type":"Polygon","coordinates":[[[112.9652986,25.6250821],[112.9637245,25.6229026],[112.9602927,25.6225418],[112.9602757,25.6231407],[112.9616041,25.6230946],[112.9628048,25.6239085],[112.9643832,25.6259152],[112.9652986,25.6250821]]]}},{"type":"Feature","properties":{"osm_id":766534909,"waterway":"river","water":"","natural":"","name":"郴江","name:zh":"郴江","width":"","_kind":"river"},"geometry":{"type":"LineString","coordinates":[[112.9600444,25.7596929],[112.9620212,25.7595033],[112.9639082,25.7615095],[112.9659265,25.7617208],[112.9695743,25.7638031],[112.9709262,25.7691849],[112.9732919,25.7709095],[112.9736352,25.7729578],[112.9764515,25.773878],[112.9753277,25.7768827],[112.9778302,25.779135],[112.9807122,25.7798209],[112.9823014,25.7817833],[112.9851982,25.7832904],[112.9853283,25.78508],[112.9897445,25.7963105]]}},{"type":"Feature","properties":{"osm_id":767687893,"waterway":"river","water":"","natural":"","name":"","name:zh":"","width":"","_kind":"river"},"geometry":{"type":"LineString","coordinates":[[113.1301895,25.899682],[113.1307965,25.9024583],[113.133232,25.9043885],[113.1308341,25.910039],[113.1314135,25.9113128],[113.1306088,25.9128231],[113.132261,25.9152742],[113.1363809,25.918063],[113.137949,25.9208342]]}},{"type":"Feature","properties":{"osm_id":767936007,"waterway":"river","water":"","natural":"","name":"","name:zh":"","width":"","_kind":"river"},"geometry":{"type":"LineString","coordinates":[[113.2982013,25.9415601],[113.2929629,25.9417024],[113.2914287,25.9409644],[113.2868904,25.9363526],[113.2827249,25.9368543],[113.2798254,25.9355398],[113.2774571,25.9378626],[113.2694936,25.9403903],[113.2673049,25.940482],[113.2678199,25.938784],[113.2603382,25.9382591]]}},{"type":"Feature","properties":{"osm_id":767936008,"waterway":"stream","water":"","natural":"","name":"","name:zh":"","width":"","_kind":"river"},"geometry":{"type":"LineString","coordinates":[[113.3132189,25.9608903],[113.3147639,25.9603357],[113.3145761,25.959441],[113.3162552,25.9589104],[113.3172637,25.9569209],[113.317084,25.9560527],[113.3160782,25.956084],[113.316046,25.9550349],[113.3127978,25.9546756],[113.312535,25.9533468],[113.3111992,25.9529536],[113.3114353,25.9508771],[113.3096382,25.949295],[113.3046466,25.9423754],[113.3035442,25.9418833],[113.2999447,25.9439094],[113.299014,25.9433956],[113.2991588,25.9417362],[113.2982013,25.9415601]]}},{"type":"Feature","properties":{"osm_id":770589629,"waterway":"","water":"pond","natural":"water","name":"","name:zh":"","width":"","_kind":"water"},"geometry":{"type":"Polygon","coordinates":[[[113.0518947,25.765933],[113.0509928,25.7647886],[113.0509284,25.7635289],[113.0529079,25.7630724],[113.053152,25.765349],[113.0528904,25.7659408],[113.0527242,25.7655036],[113.0518947,25.765933]]]}},{"type":"Feature","properties":{"osm_id":790447683,"waterway":"stream","water":"","natural":"","name":"","name:zh":"","width":"","_kind":"river"},"geometry":{"type":"LineString","coordinates":[[113.0089971,25.606548],[113.0100232,25.6087365],[113.0095374,25.6092749]]}},{"type":"Feature","properties":{"osm_id":790447684,"waterway":"stream","water":"","natural":"","name":"","name:zh":"","width":"","_kind":"river"},"geometry":{"type":"LineString","coordinates":[[113.0087842,25.6049507],[113.0089971,25.606548]]}},{"type":"Feature","properties":{"osm_id":790449150,"waterway":"stream","water":"","natural":"","name":"","name:zh":"","width":"","_kind":"river"},"geometry":{"type":"LineString","coordinates":[[113.0094451,25.6094001],[113.0092019,25.6099567]]}},{"type":"Feature","properties":{"osm_id":790449151,"waterway":"stream","water":"","natural":"","name":"","name:zh":"","width":"","_kind":"river"},"geometry":{"type":"LineString","coordinates":[[113.0095374,25.6092749],[113.0094451,25.6094001]]}},{"type":"Feature","properties":{"osm_id":790449152,"waterway":"stream","water":"","natural":"","name":"","name:zh":"","width":"","_kind":"river"},"geometry":{"type":"LineString","coordinates":[[113.0091333,25.6100122],[113.0086252,25.6105829]]}},{"type":"Feature","properties":{"osm_id":790449153,"waterway":"stream","water":"","natural":"","name":"","name:zh":"","width":"","_kind":"river"},"geometry":{"type":"LineString","coordinates":[[113.0092019,25.6099567],[113.0091333,25.6100122]]}},{"type":"Feature","properties":{"osm_id":790449154,"waterway":"stream","water":"","natural":"","name":"","name:zh":"","width":"","_kind":"river"},"geometry":{"type":"LineString","coordinates":[[113.0086227,25.6106458],[113.0088915,25.6111953]]}},{"type":"Feature","properties":{"osm_id":790449155,"waterway":"stream","water":"","natural":"","name":"","name:zh":"","width":"","_kind":"river"},"geometry":{"type":"LineString","coordinates":[[113.0086252,25.6105829],[113.0086227,25.6106458]]}},{"type":"Feature","properties":{"osm_id":857245887,"waterway":"stream","water":"","natural":"","name":"","name:zh":"","width":"","_kind":"river"},"geometry":{"type":"LineString","coordinates":[[113.005629,25.7688944],[113.0080457,25.7723261]]}},{"type":"Feature","properties":{"osm_id":857245911,"waterway":"stream","water":"","natural":"","name":"","name:zh":"","width":"","_kind":"river"},"geometry":{"type":"LineString","coordinates":[[112.9964708,25.7584531],[112.9991104,25.7624448],[113.0034585,25.766028],[113.0055663,25.7688025]]}},{"type":"Feature","properties":{"osm_id":857245919,"waterway":"stream","water":"","natural":"","name":"","name:zh":"","width":"","_kind":"river"},"geometry":{"type":"LineString","coordinates":[[113.0055663,25.7688025],[113.005629,25.7688944]]}},{"type":"Feature","properties":{"osm_id":915043535,"waterway":"","water":"reservoir","natural":"water","name":"","name:zh":"","width":"","_kind":"water"},"geometry":{"type":"Polygon","coordinates":[[[113.2507074,25.4762635],[113.2519734,25.4767574],[113.2525474,25.479387],[113.2507074,25.4762635]]]}},{"type":"Feature","properties":{"osm_id":921969075,"waterway":"","water":"","natural":"water","name":"","name:zh":"","width":"","_kind":"water"},"geometry":{"type":"Polygon","coordinates":[[[113.1186032,25.7289073],[113.1165701,25.7287188],[113.1156152,25.7300816],[113.1186032,25.7289073]]]}},{"type":"Feature","properties":{"osm_id":921969084,"waterway":"","water":"","natural":"water","name":"","name:zh":"","width":"","_kind":"water"},"geometry":{"type":"Polygon","coordinates":[[[113.1364345,25.7006285],[113.1363112,25.7020593],[113.1346697,25.7015083],[113.1347984,25.7022478],[113.1362736,25.7032],[113.1369656,25.702939],[113.1364238,25.7025572],[113.1371266,25.7011119],[113.1364345,25.7006285]]]}},{"type":"Feature","properties":{"osm_id":921969086,"waterway":"","water":"","natural":"scrub","name":"","name:zh":"","width":"","_kind":"water"},"geometry":{"type":"Polygon","coordinates":[[[113.1336236,25.6981826],[113.1340098,25.6990286],[113.1333715,25.6987047],[113.1336236,25.6981826]]]}},{"type":"Feature","properties":{"osm_id":921969088,"waterway":"","water":"","natural":"","name":"","name:zh":"","width":"","_kind":"river"},"geometry":{"type":"LineString","coordinates":[[113.1342405,25.7049788],[113.1333715,25.704371],[113.1345785,25.7019675],[113.1343639,25.7008799],[113.1360215,25.7005077],[113.1360537,25.6990962],[113.1372929,25.700092],[113.1372768,25.6991977],[113.1364936,25.6982116],[113.1353885,25.6979941],[113.1353724,25.6970563],[113.134219,25.6977573],[113.1338811,25.6966213],[113.1333715,25.6967953],[113.1318802,25.6949633],[113.1325883,25.6962153],[113.1324059,25.6978201],[113.1331462,25.6986564],[113.1328297,25.700295],[113.1338113,25.7017306],[113.1323522,25.7042683],[113.132422,25.7064675],[113.1331193,25.7068639]]}},{"type":"Feature","properties":{"osm_id":922039572,"waterway":"stream","water":"","natural":"","name":"","name:zh":"","width":"","_kind":"river"},"geometry":{"type":"LineString","coordinates":[[113.1196922,25.8203142],[113.1200838,25.8218594],[113.1193596,25.8233612],[113.1228452,25.8330228]]}},{"type":"Feature","properties":{"osm_id":922039573,"waterway":"stream","water":"","natural":"","name":"","name:zh":"","width":"","_kind":"river"},"geometry":{"type":"LineString","coordinates":[[113.1195152,25.8197975],[113.1196922,25.8203142]]}},{"type":"Feature","properties":{"osm_id":922039583,"waterway":"stream","water":"","natural":"","name":"","name:zh":"","width":"","_kind":"river"},"geometry":{"type":"LineString","coordinates":[[113.1174016,25.7981621],[113.1154811,25.8007605],[113.1122758,25.8074825]]}},{"type":"Feature","properties":{"osm_id":922039587,"waterway":"stream","water":"","natural":"","name":"","name:zh":"","width":"","_kind":"river"},"geometry":{"type":"LineString","coordinates":[[113.1122758,25.8074825],[113.1121981,25.8090769],[113.1141937,25.8107527],[113.1195152,25.8197975]]}},{"type":"Feature","properties":{"osm_id":922039598,"waterway":"stream","water":"","natural":"","name":"","name:zh":"","width":"","_kind":"river"},"geometry":{"type":"LineString","coordinates":[[113.1290746,25.6904869],[113.1298202,25.6928701],[113.1318909,25.693165],[113.1317621,25.6948569],[113.134439,25.698492],[113.1340045,25.7025282],[113.1329798,25.7041088],[113.1322771,25.7082849],[113.1329262,25.7101796],[113.1323147,25.7164048],[113.1300616,25.7175357],[113.1248796,25.7222623],[113.1227124,25.7224653],[113.1199826,25.7203552],[113.1179085,25.7203896],[113.1146564,25.7216389],[113.1127211,25.7207593],[113.1117408,25.7210034],[113.1115329,25.725017],[113.1126058,25.7253022],[113.1132978,25.7263122],[113.11276,25.7276955],[113.1134158,25.7299318],[113.1116456,25.731831],[113.1121284,25.7334595],[113.1104895,25.7348247],[113.1111172,25.7382],[113.112748,25.7387762],[113.1131409,25.7432665],[113.1160954,25.746133],[113.1192389,25.7464386],[113.1206296,25.7492978],[113.1182747,25.7513247],[113.1194039,25.7531124],[113.1181774,25.756082],[113.1191879,25.7582205],[113.1192791,25.7615952],[113.1172836,25.7648321],[113.1166398,25.7676148],[113.1175893,25.7715665],[113.1173694,25.7740399],[113.1200151,25.7766008],[113.1198853,25.7837831],[113.121044,25.7867682],[113.1199604,25.7912119],[113.1172407,25.7957762],[113.1174016,25.7981621]]}},{"type":"Feature","properties":{"osm_id":922046470,"waterway":"","water":"","natural":"water","name":"","name:zh":"","width":"","_kind":"water"},"geometry":{"type":"Polygon","coordinates":[[[112.9462874,25.8266447],[112.9451019,25.8267654],[112.9460138,25.8283443],[112.9462874,25.8266447]]]}},{"type":"Feature","properties":{"osm_id":922046472,"waterway":"","water":"","natural":"water","name":"长青水库","name:zh":"长青水库","width":"","_kind":"water"},"geometry":{"type":"Polygon","coordinates":[[[112.933107,25.8171995],[112.9340726,25.817779],[112.9333109,25.818909],[112.9324633,25.8184019],[112.9311383,25.8188655],[112.9304033,25.8182426],[112.9303765,25.8186579],[112.9312563,25.8195705],[112.9320019,25.8189814],[112.9324847,25.8195464],[112.9341906,25.8192325],[112.9349792,25.8197058],[112.9346359,25.8208937],[112.9355371,25.8207391],[112.936846,25.8228059],[112.9354995,25.8224775],[112.9359555,25.8229314],[112.933327,25.8242593],[112.933445,25.8247132],[112.9358643,25.8237716],[112.9361969,25.8245828],[112.9383159,25.825225],[112.9410195,25.82734],[112.9433101,25.827311],[112.9456758,25.8259445],[112.9458529,25.8227189],[112.9479504,25.8210047],[112.9466253,25.8209902],[112.9445815,25.825481],[112.9434282,25.8263308],[112.941336,25.8264853],[112.9412341,25.8257948],[112.9425269,25.8251623],[112.941674,25.8253699],[112.9401505,25.8238971],[112.9418188,25.8235688],[112.939775,25.8232163],[112.9400378,25.8224727],[112.9386377,25.8221636],[112.9389703,25.8200969],[112.9377794,25.8206957],[112.9372215,25.8179915],[112.9346091,25.8157025],[112.9349416,25.8151037],[112.9333967,25.815041],[112.9306126,25.8132832],[112.9285526,25.8108782],[112.9272008,25.8104919],[112.9273832,25.8099993],[112.9269218,25.8102359],[112.9280537,25.811902],[112.9278982,25.8128968],[112.9298025,25.8141476],[112.9297167,25.8149154],[112.9308754,25.8147126],[112.9310524,25.8155528],[112.932297,25.8162386],[112.9320663,25.8167649],[112.9327583,25.8163834],[112.933107,25.8171995]]]}},{"type":"Feature","properties":{"osm_id":922085593,"waterway":"","water":"","natural":"","name":"","name:zh":"","width":"","_kind":"river"},"geometry":{"type":"LineString","coordinates":[[113.1026226,26.0229088],[113.1047469,26.0226244],[113.1035775,26.0226437],[113.1044036,26.0217664],[113.1021506,26.0219978],[113.1030357,26.0205805],[113.104645,26.0218049],[113.1049669,26.0211541],[113.1061739,26.0214675],[113.1087917,26.0204214],[113.105557,26.0211059],[113.103776,26.0204841]]}},{"type":"Feature","properties":{"osm_id":922085594,"waterway":"","water":"","natural":"","name":"","name:zh":"","width":"","_kind":"river"},"geometry":{"type":"LineString","coordinates":[[113.101362,26.0233234],[113.0997902,26.0237621],[113.0993986,26.0247937],[113.1029874,26.0239404],[113.1026709,26.0257385],[113.1013888,26.0248997],[113.1004876,26.025536],[113.1007665,26.0262591],[113.1001228,26.0263603],[113.1009597,26.0262543],[113.1006271,26.0255842],[113.1013083,26.025054],[113.1022632,26.0261723],[113.1027836,26.0259988],[113.1034434,26.0246153],[113.1050366,26.0256035],[113.1026226,26.0229088]]}},{"type":"Feature","properties":{"osm_id":922085595,"waterway":"","water":"","natural":"","name":"","name:zh":"","width":"","_kind":"river"},"geometry":{"type":"LineString","coordinates":[[113.1016892,26.0212554],[113.1010723,26.022205],[113.1016624,26.022393],[113.098712,26.0233572],[113.0965555,26.0225473],[113.0976981,26.024114],[113.0942219,26.0264423],[113.0948228,26.0266351],[113.0961585,26.0255216],[113.096813,26.0259313],[113.096711,26.0254059],[113.0977035,26.0254348],[113.0976981,26.0248997],[113.0988568,26.0250925],[113.0988622,26.0240031],[113.101362,26.0233234]]}},{"type":"Feature","properties":{"osm_id":922085596,"waterway":"","water":"","natural":"","name":"","name:zh":"","width":"","_kind":"river"},"geometry":{"type":"LineString","coordinates":[[113.1036311,26.016883],[113.1028587,26.0180978],[113.1031752,26.0194187],[113.1016838,26.019573],[113.1017107,26.0202045],[113.1024134,26.0202238],[113.1019306,26.0206721],[113.1012493,26.0205275],[113.1013727,26.0197658],[113.1001657,26.0201418],[113.0980951,26.0191969],[113.0997741,26.0203491],[113.0987924,26.0213325],[113.1006753,26.0206046],[113.1016892,26.0212554]]}},{"type":"Feature","properties":{"osm_id":922085642,"waterway":"","water":"","natural":"","name":"","name:zh":"","width":"","_kind":"river"},"geometry":{"type":"LineString","coordinates":[[113.0983847,26.0146268],[113.0975211,26.0157742],[113.098256,26.0156006],[113.0985349,26.0163334],[113.0994254,26.0141737],[113.1015658,26.0142942],[113.0994415,26.0150944],[113.1001389,26.0153885],[113.0993128,26.0159767],[113.10045,26.0166468],[113.099978,26.0171433],[113.100965,26.0167335],[113.1005949,26.0156585],[113.1020433,26.0148148],[113.103041,26.0157886],[113.1008202,26.0161454],[113.1036311,26.016883]]}},{"type":"Feature","properties":{"osm_id":922085643,"waterway":"","water":"","natural":"","name":"","name:zh":"","width":"","_kind":"river"},"geometry":{"type":"LineString","coordinates":[[113.0927682,26.0138748],[113.0911428,26.0133686],[113.089909,26.0139856],[113.0859393,26.0140772],[113.0904883,26.0143231],[113.0907029,26.0158995],[113.0911642,26.014381],[113.0950749,26.0143617],[113.094179,26.0152439],[113.0951017,26.0149787],[113.0949783,26.0157453],[113.0960244,26.0152632],[113.0954021,26.0148052],[113.0957454,26.0145159],[113.0983847,26.0146268]]}},{"type":"Feature","properties":{"osm_id":922085644,"waterway":"","water":"","natural":"","name":"","name:zh":"","width":"","_kind":"river"},"geometry":{"type":"LineString","coordinates":[[113.1015444,26.0128575],[113.1029713,26.0121344],[113.1048649,26.0128431],[113.1037116,26.0137591],[113.1043231,26.0139856],[113.1037116,26.0149643],[113.1006432,26.0128045],[113.1001872,26.0130311],[113.1004232,26.0139085],[113.0973709,26.0140194],[113.0968881,26.0121392],[113.0967969,26.0140531],[113.0927682,26.0138748]]}},{"type":"Feature","properties":{"osm_id":922085645,"waterway":"","water":"","natural":"","name":"","name:zh":"","width":"","_kind":"river"},"geometry":{"type":"LineString","coordinates":[[113.1084108,26.0165696],[113.106544,26.0157356],[113.1061417,26.0140821],[113.1064689,26.0132721],[113.1075311,26.0133589],[113.1076115,26.0148486],[113.1085128,26.0137735],[113.1079012,26.0122067],[113.1065547,26.0119849],[113.106147,26.0125104],[113.1047845,26.0112521],[113.1037277,26.0117632],[113.1032181,26.0109147],[113.1024027,26.0115076],[113.1019896,26.0104615],[113.1007987,26.0102879],[113.1013191,26.0108906],[113.1007934,26.0112425],[113.1020325,26.0120187],[113.1015444,26.0128575]]}},{"type":"Feature","properties":{"osm_id":922085649,"waterway":"","water":"","natural":"water","name":"","name:zh":"","width":"","_kind":"water"},"geometry":{"type":"Polygon","coordinates":[[[113.0937713,26.0267122],[113.0922961,26.0273726],[113.0899787,26.0273099],[113.0910087,26.028274],[113.0937713,26.0267122]]]}},{"type":"Feature","properties":{"osm_id":922085650,"waterway":"","water":"","natural":"","name":"","name:zh":"","width":"","_kind":"river"},"geometry":{"type":"LineString","coordinates":[[113.103776,26.0204841],[113.1067479,26.0199683],[113.103953,26.0193994],[113.1037009,26.0185269],[113.1043822,26.0183292],[113.1044143,26.0172879],[113.1061685,26.018011],[113.1063777,26.0189511],[113.1055891,26.0173651],[113.1065118,26.0173554],[113.1077564,26.0192211],[113.1072736,26.0167239],[113.1039745,26.0160104],[113.104822,26.015538],[113.1051761,26.0137928],[113.1060505,26.0159815],[113.1084108,26.0165696]]}},{"type":"Feature","properties":{"osm_id":922094626,"waterway":"","water":"pond","natural":"water","name":"","name:zh":"","width":"","_kind":"water"},"geometry":{"type":"Polygon","coordinates":[[[113.1675134,25.9564975],[113.1675198,25.9547905],[113.1667678,25.9557505],[113.1675134,25.9564975]]]}},{"type":"Feature","properties":{"osm_id":922094628,"waterway":"","water":"","natural":"water","name":"","name:zh":"","width":"","_kind":"water"},"geometry":{"type":"Polygon","coordinates":[[[113.1569219,25.9558725],[113.1537495,25.956804],[113.1562584,25.9564576],[113.1566807,25.9558675],[113.1572996,25.9564242],[113.1569219,25.9558725]]]}},{"type":"Feature","properties":{"osm_id":922094629,"waterway":"","water":"","natural":"water","name":"","name:zh":"","width":"","_kind":"water"},"geometry":{"type":"Polygon","coordinates":[[[113.1592977,25.9555317],[113.1595391,25.9565205],[113.1604618,25.9568678],[113.1603706,25.9559996],[113.1592977,25.9555317]]]}},{"type":"Feature","properties":{"osm_id":922094630,"waterway":"","water":"","natural":"water","name":"","name:zh":"","width":"","_kind":"water"},"geometry":{"type":"Polygon","coordinates":[[[113.1621569,25.9536506],[113.161658,25.952001],[113.1608587,25.952657],[113.1621569,25.9536506]]]}},{"type":"Feature","properties":{"osm_id":922094631,"waterway":"","water":"","natural":"water","name":"","name:zh":"","width":"","_kind":"water"},"geometry":{"type":"Polygon","coordinates":[[[113.1651074,25.9544851],[113.1632566,25.9538339],[113.1639272,25.9533661],[113.1649035,25.9539159],[113.163777,25.9523917],[113.1625754,25.9531876],[113.1626344,25.954379],[113.163498,25.9545912],[113.1632084,25.9550012],[113.1651074,25.9544851]]]}},{"type":"Feature","properties":{"osm_id":922094633,"waterway":"","water":"","natural":"water","name":"","name:zh":"","width":"","_kind":"water"},"geometry":{"type":"Polygon","coordinates":[[[113.1671547,25.950502],[113.1666129,25.9488427],[113.166452,25.9503766],[113.1671547,25.950502]]]}},{"type":"Feature","properties":{"osm_id":922094635,"waterway":"","water":"","natural":"water","name":"","name:zh":"","width":"","_kind":"water"},"geometry":{"type":"Polygon","coordinates":[[[113.1681275,25.9466758],[113.1679398,25.9461838],[113.1660515,25.9465021],[113.1677359,25.9474765],[113.1681275,25.9466758]]]}},{"type":"Feature","properties":{"osm_id":922094636,"waterway":"","water":"","natural":"water","name":"","name:zh":"","width":"","_kind":"water"},"geometry":{"type":"Polygon","coordinates":[[[113.1656921,25.948065],[113.1660086,25.9465841],[113.1647855,25.9473077],[113.1656921,25.948065]]]}},{"type":"Feature","properties":{"osm_id":922094637,"waterway":"","water":"","natural":"water","name":"","name:zh":"","width":"","_kind":"water"},"geometry":{"type":"Polygon","coordinates":[[[113.1627188,25.9493445],[113.1608319,25.9502163],[113.1621002,25.9504315],[113.1627188,25.9493445]]]}},{"type":"Feature","properties":{"osm_id":922094638,"waterway":"","water":"","natural":"water","name":"","name:zh":"","width":"","_kind":"water"},"geometry":{"type":"Polygon","coordinates":[[[113.1610358,25.9505877],[113.1579915,25.951591],[113.1596619,25.9515622],[113.1610358,25.9505877]]]}},{"type":"Feature","properties":{"osm_id":922094639,"waterway":"","water":"","natural":"water","name":"","name:zh":"","width":"","_kind":"water"},"geometry":{"type":"Polygon","coordinates":[[[113.1784594,25.985857],[113.1782555,25.9848588],[113.1762439,25.9846707],[113.1776386,25.9859582],[113.1784594,25.985857]]]}},{"type":"Feature","properties":{"osm_id":922094643,"waterway":"","water":"","natural":"water","name":"","name:zh":"","width":"","_kind":"water"},"geometry":{"type":"Polygon","coordinates":[[[113.1732345,25.9733381],[113.17361,25.9724701],[113.1726413,25.9716859],[113.1713891,25.9722386],[113.167516,25.9718865],[113.16536,25.9727583],[113.166883,25.9730198],[113.1669903,25.9736613],[113.1675696,25.9728655],[113.1732345,25.9733381]]]}},{"type":"Feature","properties":{"osm_id":922094644,"waterway":"","water":"","natural":"water","name":"","name:zh":"","width":"","_kind":"water"},"geometry":{"type":"Polygon","coordinates":[[[113.1667197,25.9673703],[113.1671967,25.9679349],[113.1656033,25.9701259],[113.1652809,25.9717884],[113.1659722,25.9716342],[113.1656814,25.9705362],[113.1667918,25.9701648],[113.1668669,25.9687759],[113.1676999,25.9682047],[113.16756,25.9674714],[113.1667197,25.9673703]]]}},{"type":"Feature","properties":{"osm_id":922094645,"waterway":"","water":"","natural":"water","name":"","name:zh":"","width":"","_kind":"water"},"geometry":{"type":"Polygon","coordinates":[[[113.1507683,25.9722048],[113.1499582,25.9719492],[113.1495559,25.972663],[113.1507683,25.9722048]]]}},{"type":"Feature","properties":{"osm_id":922094647,"waterway":"","water":"","natural":"water","name":"","name:zh":"","width":"","_kind":"water"},"geometry":{"type":"Polygon","coordinates":[[[113.1588632,25.9704397],[113.1574699,25.9710349],[113.150254,25.9703157],[113.153922,25.9708664],[113.1546628,25.9715393],[113.1543746,25.970965],[113.1577299,25.9714006],[113.1577026,25.971893],[113.1567346,25.9718062],[113.1578083,25.9723623],[113.1588919,25.9720541],[113.1580532,25.9718962],[113.1582724,25.97151],[113.1599141,25.9716644],[113.1604346,25.9723744],[113.1607929,25.971818],[113.1624593,25.9719638],[113.1611791,25.9715553],[113.1618202,25.9709698],[113.1605262,25.9705892],[113.1607678,25.9695896],[113.1604305,25.971466],[113.1580692,25.9708882],[113.1588632,25.9704397]]]}},{"type":"Feature","properties":{"osm_id":922094648,"waterway":"","water":"","natural":"","name":"","name:zh":"","width":"","_kind":"river"},"geometry":{"type":"LineString","coordinates":[[113.1530955,25.9600132],[113.1523027,25.9626939],[113.1532485,25.9624025],[113.1531985,25.9617489],[113.1540657,25.9620709],[113.153566,25.9615413],[113.1541639,25.9612081],[113.1539108,25.9603532],[113.1544783,25.9604103],[113.1545465,25.9613475],[113.1549803,25.9606424],[113.1550856,25.961104],[113.1548752,25.9595697],[113.1556385,25.9595312],[113.1562005,25.9583584],[113.1567281,25.9586186],[113.156697,25.9575984],[113.1556753,25.957177],[113.1551382,25.9583846],[113.1535579,25.9580936],[113.1534604,25.9575769],[113.1534652,25.9581906],[113.1528386,25.9582359],[113.1548194,25.9587954],[113.1540322,25.9592437],[113.1542894,25.9596572],[113.1532281,25.9596626]]}},{"type":"Feature","properties":{"osm_id":922101453,"waterway":"","water":"","natural":"water","name":"","name:zh":"","width":"","_kind":"water"},"geometry":{"type":"Polygon","coordinates":[[[113.2005018,25.9435886],[113.1989461,25.9432171],[113.1995737,25.944563],[113.2005018,25.9435886]]]}},{"type":"Feature","properties":{"osm_id":922101465,"waterway":"","water":"","natural":"water","name":"","name:zh":"","width":"","_kind":"water"},"geometry":{"type":"Polygon","coordinates":[[[113.2006842,25.9348716],[113.1996113,25.93478],[113.2000565,25.935272],[113.2006842,25.9348716]]]}},{"type":"Feature","properties":{"osm_id":922101467,"waterway":"","water":"","natural":"water","name":"","name:zh":"","width":"","_kind":"water"},"geometry":{"type":"Polygon","coordinates":[[[113.2021809,25.9376696],[113.202374,25.93615],[113.2011026,25.9357158],[113.2008398,25.936261],[113.2020521,25.9364973],[113.2021809,25.9376696]]]}},{"type":"Feature","properties":{"osm_id":922123654,"waterway":"","water":"","natural":"","name":"","name:zh":"","width":"","_kind":"river"},"geometry":{"type":"LineString","coordinates":[[112.9333967,25.9964313],[112.9318625,25.9951343],[112.9320878,25.9944641],[112.9293573,25.9939578],[112.9308754,25.9947678],[112.9318142,25.9965085],[112.9326779,25.9966676],[112.9307091,25.9979887],[112.9300332,25.9975065],[112.9274797,25.9982201],[112.929765,25.9980224],[112.9304892,25.9987601],[112.931841,25.9975837],[112.9332465,25.9975885]]}},{"type":"Feature","properties":{"osm_id":922123655,"waterway":"","water":"","natural":"","name":"","name:zh":"","width":"","_kind":"river"},"geometry":{"type":"LineString","coordinates":[[112.9332465,25.9975885],[112.9337186,25.9984419],[112.9327208,26.0000427],[112.932871,26.0013348],[112.9338151,25.9990109],[112.9354244,25.9990398],[112.9341584,25.9982973],[112.9347914,25.9974487],[112.9364276,25.9968604],[112.9370874,25.9979598],[112.9375863,25.9969665],[112.9379296,25.9977235],[112.9385143,25.9972462],[112.9394692,25.9980562]]}},{"type":"Feature","properties":{"osm_id":922123656,"waterway":"","water":"","natural":"","name":"","name:zh":"","width":"","_kind":"river"},"geometry":{"type":"LineString","coordinates":[[112.9394692,25.9980562],[112.9387665,25.9982732],[112.9387397,25.9990253],[112.9396731,25.9987553],[112.9419315,26.000197],[112.9433477,25.9997437],[112.9430151,25.9985576],[112.9447854,25.9990012],[112.9460031,25.9974631],[112.9463679,25.9956791],[112.9456705,25.9957804],[112.9454237,25.9973088],[112.9440826,25.9977958],[112.9435354,25.9974535],[112.9437447,25.9957225],[112.9425967,25.9979115],[112.9423231,25.9955779],[112.94191,25.998196]]}},{"type":"Feature","properties":{"osm_id":922123659,"waterway":"","water":"","natural":"","name":"","name:zh":"","width":"","_kind":"river"},"geometry":{"type":"LineString","coordinates":[[112.94191,25.998196],[112.9400271,25.9951295],[112.9427254,25.993302],[112.9442221,25.9934129],[112.9435462,25.992598],[112.9403007,25.9941458],[112.9391903,25.9931477],[112.9396838,25.9943628],[112.9391688,25.9948787],[112.9371893,25.9929693],[112.9384661,25.9952741],[112.9364437,25.9953271],[112.9360789,25.9946859],[112.9350221,25.9959395],[112.934652,25.9954477],[112.9333967,25.9964313]]}},{"type":"Feature","properties":{"osm_id":941726969,"waterway":"","water":"","natural":"water","name":"","name:zh":"","width":"","_kind":"water"},"geometry":{"type":"Polygon","coordinates":[[[113.0411849,25.662732],[113.0418715,25.6628093],[113.0415711,25.6638344],[113.0411259,25.6637812],[113.0411849,25.662732]]]}},{"type":"Feature","properties":{"osm_id":941726970,"waterway":"","water":"","natural":"water","name":"","name:zh":"","width":"","_kind":"water"},"geometry":{"type":"Polygon","coordinates":[[[113.0411849,25.6626546],[113.0419305,25.6621807],[113.0419412,25.662761],[113.0411849,25.6626546]]]}},{"type":"Feature","properties":{"osm_id":941726971,"waterway":"","water":"","natural":"water","name":"","name:zh":"","width":"","_kind":"water"},"geometry":{"type":"Polygon","coordinates":[[[113.0415496,25.661997],[113.0418769,25.6613394],[113.0419359,25.6621324],[113.0415496,25.661997]]]}},{"type":"Feature","properties":{"osm_id":941726977,"waterway":"","water":"","natural":"water","name":"","name:zh":"","width":"","_kind":"water"},"geometry":{"type":"Polygon","coordinates":[[[113.0160973,25.7257253],[113.0177442,25.7247297],[113.01945,25.7261167],[113.0184362,25.7266387],[113.0160973,25.7257253]]]}},{"type":"Feature","properties":{"osm_id":953546018,"waterway":"","water":"reservoir","natural":"water","name":"","name:zh":"","width":"","_kind":"water"},"geometry":{"type":"Polygon","coordinates":[[[112.9665861,25.705181],[112.9675632,25.705298],[112.9676621,25.707159],[112.9690968,25.7062731],[112.9680888,25.7050138],[112.9699997,25.7028686],[112.970285,25.699828],[112.9689634,25.6994732],[112.9683432,25.7023466],[112.966519,25.7036004],[112.9655357,25.7024971],[112.9651956,25.7041297],[112.9638227,25.7049822],[112.9644712,25.7066631],[112.965609,25.7063678],[112.9665861,25.705181]]]}},{"type":"Feature","properties":{"osm_id":953546022,"waterway":"","water":"reservoir","natural":"water","name":"","name:zh":"","width":"","_kind":"water"},"geometry":{"type":"Polygon","coordinates":[[[112.9703685,25.6991538],[112.9733307,25.7004211],[112.9726416,25.6982],[112.9748082,25.6951147],[112.9730424,25.6960074],[112.9722512,25.6958068],[112.9724577,25.6967929],[112.9703685,25.6991538]]]}},{"type":"Feature","properties":{"osm_id":953634414,"waterway":"stream","water":"","natural":"","name":"","name:zh":"","width":"5","_kind":"river"},"geometry":{"type":"LineString","coordinates":[[113.0138006,25.7774115],[113.0148269,25.777713],[113.0150006,25.7788953]]}},{"type":"Feature","properties":{"osm_id":953634415,"waterway":"stream","water":"","natural":"","name":"","name:zh":"","width":"","_kind":"river"},"geometry":{"type":"LineString","coordinates":[[113.0096897,25.7746266],[113.010517,25.7757008]]}},{"type":"Feature","properties":{"osm_id":953634416,"waterway":"stream","water":"","natural":"","name":"","name:zh":"","width":"","_kind":"river"},"geometry":{"type":"LineString","coordinates":[[113.0091127,25.7738236],[113.0096897,25.7746266]]}},{"type":"Feature","properties":{"osm_id":953634417,"waterway":"stream","water":"","natural":"","name":"","name:zh":"","width":"","_kind":"river"},"geometry":{"type":"LineString","coordinates":[[113.0080457,25.7723261],[113.0082533,25.7726278]]}},{"type":"Feature","properties":{"osm_id":954115320,"waterway":"stream","water":"","natural":"","name":"","name:zh":"","width":"","_kind":"river"},"geometry":{"type":"LineString","coordinates":[[113.0326445,25.7919865],[113.0341219,25.7914751]]}},{"type":"Feature","properties":{"osm_id":954310694,"waterway":"stream","water":"","natural":"","name":"","name:zh":"","width":"","_kind":"river"},"geometry":{"type":"LineString","coordinates":[[113.0082533,25.7726278],[113.0088803,25.7735004]]}},{"type":"Feature","properties":{"osm_id":954310695,"waterway":"stream","water":"","natural":"","name":"","name:zh":"","width":"","_kind":"river"},"geometry":{"type":"LineString","coordinates":[[113.0088803,25.7735004],[113.0091127,25.7738236]]}},{"type":"Feature","properties":{"osm_id":954333061,"waterway":"","water":"","natural":"","name":"","name:zh":"","width":"","_kind":"river"},"geometry":{"type":"LineString","coordinates":[[113.026271,25.7923794],[113.0290315,25.7929634],[113.0338313,25.7913302],[113.0336275,25.7916883]]}},{"type":"Feature","properties":{"osm_id":962084172,"waterway":"","water":"","natural":"","name":"","name:zh":"","width":"","_kind":"water"},"geometry":{"type":"Polygon","coordinates":[[[112.8868335,25.7041764],[112.8878608,25.7048314],[112.8869703,25.7033499],[112.8868335,25.7041764]]]}},{"type":"Feature","properties":{"osm_id":962084338,"waterway":"","water":"reservoir","natural":"water","name":"","name:zh":"","width":"","_kind":"water"},"geometry":{"type":"Polygon","coordinates":[[[112.8845765,25.7163299],[112.8858317,25.7194653],[112.8868563,25.7191451],[112.8850271,25.7161099],[112.8845765,25.7163299]]]}},{"type":"Feature","properties":{"osm_id":964050195,"waterway":"stream","water":"","natural":"","name":"","name:zh":"","width":"5","_kind":"river"},"geometry":{"type":"LineString","coordinates":[[113.0150006,25.7788953],[113.0150014,25.7790642]]}},{"type":"Feature","properties":{"osm_id":965747156,"waterway":"","water":"basin","natural":"water","name":"","name:zh":"","width":"","_kind":"water"},"geometry":{"type":"Polygon","coordinates":[[[112.9231104,25.7242849],[112.9244891,25.7246618],[112.9241779,25.723949],[112.9231104,25.7242849]]]}},{"type":"Feature","properties":{"osm_id":973878777,"waterway":"","water":"river","natural":"water","name":"","name:zh":"","width":"","_kind":"water"},"geometry":{"type":"Polygon","coordinates":[[[113.0203861,25.8262222],[113.0176529,25.8233479],[113.0185776,25.8209969],[113.0168805,25.8200655],[113.0188385,25.8208369],[113.0178802,25.8231912],[113.0207254,25.8253675],[113.0203861,25.8262222]]]}},{"type":"Feature","properties":{"osm_id":980567642,"waterway":"","water":"","natural":"","name":"","name:zh":"","width":"","_kind":"water"},"geometry":{"type":"Polygon","coordinates":[[[112.7332651,25.7282682],[112.7332924,25.72781],[112.7327674,25.7279997],[112.7332651,25.7282682]]]}},{"type":"Feature","properties":{"osm_id":980570365,"waterway":"","water":"reservoir","natural":"water","name":"塔背水库","name:zh":"","width":"","_kind":"water"},"geometry":{"type":"Polygon","coordinates":[[[112.7423567,25.7515158],[112.7421992,25.7509628],[112.7460246,25.750726],[112.7466612,25.7498038],[112.7449161,25.7471533],[112.7478053,25.7494068],[112.7490251,25.7493747],[112.7485844,25.7505255],[112.7468971,25.7505456],[112.7455749,25.7518127],[112.7462249,25.7526788],[112.7423567,25.7515158]]]}},{"type":"Feature","properties":{"osm_id":980662854,"waterway":"","water":"pond","natural":"water","name":"八字塘","name:zh":"","width":"","_kind":"water"},"geometry":{"type":"Polygon","coordinates":[[[112.7271287,25.7556397],[112.7262318,25.7557043],[112.7265188,25.7548189],[112.7258085,25.7541985],[112.7262964,25.7535394],[112.7275736,25.7545281],[112.7271287,25.7556397]]]}},{"type":"Feature","properties":{"osm_id":982352825,"waterway":"","water":"","natural":"","name":"","name:zh":"","width":"","_kind":"water"},"geometry":{"type":"Polygon","coordinates":[[[112.7330197,25.7300481],[112.7330515,25.7295042],[112.7323153,25.7296163],[112.7330197,25.7300481]]]}},{"type":"Feature","properties":{"osm_id":982352830,"waterway":"","water":"","natural":"","name":"","name:zh":"","width":"","_kind":"water"},"geometry":{"type":"Polygon","coordinates":[[[112.7309632,25.7305579],[112.7306712,25.7301857],[112.731154,25.7300443],[112.732187,25.7303575],[112.7309632,25.7305579]]]}},{"type":"Feature","properties":{"osm_id":982352841,"waterway":"","water":"","natural":"","name":"","name:zh":"","width":"","_kind":"water"},"geometry":{"type":"Polygon","coordinates":[[[112.7327121,25.7294846],[112.7324073,25.7291728],[112.7335232,25.7288098],[112.7327121,25.7294846]]]}},{"type":"Feature","properties":{"osm_id":982354913,"waterway":"","water":"","natural":"","name":"","name:zh":"","width":"","_kind":"water"},"geometry":{"type":"Polygon","coordinates":[[[112.7313156,25.7268237],[112.7312804,25.7263371],[112.7320768,25.7262353],[112.7320768,25.7267513],[112.7313156,25.7268237]]]}},{"type":"Feature","properties":{"osm_id":982365729,"waterway":"","water":"","natural":"","name":"","name:zh":"","width":"","_kind":"water"},"geometry":{"type":"Polygon","coordinates":[[[112.7326001,25.7303588],[112.7325018,25.7298637],[112.7329902,25.7301051],[112.7326001,25.7303588]]]}},{"type":"Feature","properties":{"osm_id":982921407,"waterway":"","water":"","natural":"","name":"","name:zh":"","width":"","_kind":"water"},"geometry":{"type":"Polygon","coordinates":[[[112.7590377,25.7586199],[112.7593914,25.7576472],[112.7579753,25.7571762],[112.7562489,25.7554865],[112.7561719,25.7573915],[112.7590377,25.7586199]]]}},{"type":"Feature","properties":{"osm_id":983358703,"waterway":"","water":"","natural":"","name":"","name:zh":"","width":"","_kind":"water"},"geometry":{"type":"Polygon","coordinates":[[[112.7158005,25.7589302],[112.7158037,25.7595553],[112.7166406,25.7596264],[112.7165713,25.7590228],[112.7158005,25.7589302]]]}},{"type":"Feature","properties":{"osm_id":987015429,"waterway":"","water":"reservoir","natural":"water","name":"","name:zh":"","width":"","_kind":"water"},"geometry":{"type":"Polygon","coordinates":[[[112.7459049,25.7260488],[112.7465178,25.724396],[112.7454811,25.72381],[112.7459049,25.7260488]]]}},{"type":"Feature","properties":{"osm_id":987241768,"waterway":"","water":"pond","natural":"water","name":"","name:zh":"","width":"","_kind":"water"},"geometry":{"type":"Polygon","coordinates":[[[112.7259832,25.7698497],[112.7258843,25.7689236],[112.7263834,25.7694777],[112.7259832,25.7698497]]]}},{"type":"Feature","properties":{"osm_id":987241770,"waterway":"","water":"pond","natural":"water","name":"","name:zh":"","width":"","_kind":"water"},"geometry":{"type":"Polygon","coordinates":[[[112.7552583,25.7549611],[112.7546368,25.7538934],[112.7555409,25.7545724],[112.7552583,25.7549611]]]}},{"type":"Feature","properties":{"osm_id":987241773,"waterway":"","water":"pond","natural":"water","name":"","name:zh":"","width":"","_kind":"water"},"geometry":{"type":"Polygon","coordinates":[[[112.7537664,25.7540252],[112.7540388,25.7535799],[112.7530683,25.7532176],[112.7528983,25.7536547],[112.7537664,25.7540252]]]}},{"type":"Feature","properties":{"osm_id":987241774,"waterway":"","water":"pond","natural":"water","name":"","name:zh":"","width":"","_kind":"water"},"geometry":{"type":"Polygon","coordinates":[[[112.7527876,25.753747],[112.7529972,25.7532129],[112.7522855,25.7530241],[112.7527876,25.753747]]]}},{"type":"Feature","properties":{"osm_id":988758546,"waterway":"","water":"pond","natural":"water","name":"","name:zh":"","width":"","_kind":"water"},"geometry":{"type":"Polygon","coordinates":[[[112.7543018,25.8054058],[112.7537349,25.8049114],[112.7542272,25.8047583],[112.7543018,25.8054058]]]}},{"type":"Feature","properties":{"osm_id":988758551,"waterway":"","water":"reservoir","natural":"water","name":"高塘水库","name:zh":"","width":"","_kind":"water"},"geometry":{"type":"Polygon","coordinates":[[[112.7428637,25.7936613],[112.7438809,25.7927102],[112.746898,25.7944256],[112.747818,25.7939721],[112.7484817,25.7953456],[112.7478354,25.7959169],[112.7472037,25.7954032],[112.7473842,25.7966404],[112.7458578,25.7951384],[112.7443166,25.7951656],[112.7428637,25.7936613]]]}},{"type":"Feature","properties":{"osm_id":988769339,"waterway":"","water":"reservoir","natural":"water","name":"","name:zh":"","width":"","_kind":"water"},"geometry":{"type":"Polygon","coordinates":[[[112.7385466,25.7906467],[112.7378959,25.7902543],[112.739039,25.7894442],[112.7385466,25.7906467]]]}},{"type":"Feature","properties":{"osm_id":988773954,"waterway":"","water":"pond","natural":"water","name":"","name:zh":"","width":"","_kind":"water"},"geometry":{"type":"Polygon","coordinates":[[[112.7274312,25.7881865],[112.7265811,25.7873564],[112.7269237,25.7868243],[112.7281544,25.7873277],[112.7274312,25.7881865]]]}},{"type":"Feature","properties":{"osm_id":988773957,"waterway":"","water":"reservoir","natural":"water","name":"大禾塘水库","name:zh":"","width":"","_kind":"water"},"geometry":{"type":"Polygon","coordinates":[[[112.7237268,25.7806697],[112.724266,25.7807381],[112.7252062,25.7779527],[112.7242652,25.7784761],[112.7237166,25.7799807],[112.7228288,25.7793059],[112.7237268,25.7806697]]]}},{"type":"Feature","properties":{"osm_id":988775629,"waterway":"","water":"reservoir","natural":"water","name":"","name:zh":"","width":"","_kind":"water"},"geometry":{"type":"Polygon","coordinates":[[[112.7045359,25.8423532],[112.7007177,25.8413251],[112.6949698,25.8419165],[112.6957771,25.8441808],[112.7032337,25.845243],[112.7032685,25.846083],[112.7045855,25.8463968],[112.7043441,25.8507586],[112.7075728,25.8608829],[112.7062874,25.8617023],[112.7075869,25.8626557],[112.7075909,25.8640857],[112.7109269,25.8642511],[112.7137586,25.858905],[112.7144158,25.8536672],[112.7152768,25.8534114],[112.7181119,25.8555451],[112.7195549,25.8553303],[112.7202791,25.854039],[112.7165307,25.8522769],[112.7141798,25.8519414],[112.7136286,25.8498535],[112.7118368,25.8500695],[112.7118878,25.8487817],[112.7108189,25.8478343],[112.7117242,25.8471656],[112.7115378,25.8462737],[112.7094457,25.8459333],[112.7092203,25.847022],[112.707945,25.8472863],[112.7072047,25.8467589],[112.7073616,25.8452454],[112.7055672,25.8429907],[112.7062967,25.8428749],[112.7074622,25.8393637],[112.7063759,25.840508],[112.7052172,25.8399491],[112.7055685,25.8413951],[112.7045359,25.8423532]]]}},{"type":"Feature","properties":{"osm_id":989152844,"waterway":"","water":"reservoir","natural":"water","name":"山洋冲水库","name:zh":"","width":"","_kind":"water"},"geometry":{"type":"Polygon","coordinates":[[[112.7331849,25.7798471],[112.7321044,25.778911],[112.7332608,25.780738],[112.7336329,25.7803613],[112.7331849,25.7798471]]]}},{"type":"Feature","properties":{"osm_id":989152848,"waterway":"","water":"pond","natural":"water","name":"","name:zh":"","width":"","_kind":"water"},"geometry":{"type":"Polygon","coordinates":[[[112.733384,25.7855365],[112.7329361,25.7844791],[112.733838,25.7851876],[112.733384,25.7855365]]]}},{"type":"Feature","properties":{"osm_id":989203624,"waterway":"","water":"reservoir","natural":"water","name":"坎田水库","name:zh":"","width":"","_kind":"water"},"geometry":{"type":"Polygon","coordinates":[[[112.7185388,25.7823653],[112.7187983,25.7810918],[112.7173779,25.7820041],[112.7176982,25.7827613],[112.7185388,25.7823653]]]}},{"type":"Feature","properties":{"osm_id":989203626,"waterway":"","water":"pond","natural":"water","name":"","name:zh":"","width":"","_kind":"water"},"geometry":{"type":"Polygon","coordinates":[[[112.7220319,25.7838805],[112.7218345,25.7834174],[112.7227804,25.7833947],[112.7228378,25.7838764],[112.7220319,25.7838805]]]}},{"type":"Feature","properties":{"osm_id":989203627,"waterway":"","water":"reservoir","natural":"water","name":"","name:zh":"","width":"","_kind":"water"},"geometry":{"type":"Polygon","coordinates":[[[112.7256269,25.7778355],[112.7253977,25.7760086],[112.7276746,25.7783561],[112.7256269,25.7778355]]]}},{"type":"Feature","properties":{"osm_id":989203628,"waterway":"","water":"reservoir","natural":"water","name":"","name:zh":"","width":"","_kind":"water"},"geometry":{"type":"Polygon","coordinates":[[[112.7451353,25.7896856],[112.7446987,25.7891061],[112.7453792,25.7893129],[112.7451353,25.7896856]]]}},{"type":"Feature","properties":{"osm_id":989249147,"waterway":"stream","water":"","natural":"","name":"","name:zh":"","width":"","_kind":"river"},"geometry":{"type":"LineString","coordinates":[[112.9963481,25.7582561],[112.9964708,25.7584531]]}},{"type":"Feature","properties":{"osm_id":989249148,"waterway":"stream","water":"","natural":"","name":"","name:zh":"","width":"","_kind":"river"},"geometry":{"type":"LineString","coordinates":[[112.9948791,25.7558853],[112.9963481,25.7582561]]}},{"type":"Feature","properties":{"osm_id":989249149,"waterway":"stream","water":"","natural":"","name":"","name:zh":"","width":"","_kind":"river"},"geometry":{"type":"LineString","coordinates":[[112.9947341,25.7556528],[112.9948791,25.7558853]]}},{"type":"Feature","properties":{"osm_id":989249150,"waterway":"stream","water":"","natural":"","name":"","name:zh":"","width":"","_kind":"river"},"geometry":{"type":"LineString","coordinates":[[112.9944627,25.7552177],[112.9947341,25.7556528]]}},{"type":"Feature","properties":{"osm_id":990986037,"waterway":"stream","water":"","natural":"","name":"","name:zh":"","width":"5","_kind":"river"},"geometry":{"type":"LineString","coordinates":[[113.0120042,25.7773267],[113.0121504,25.7773336]]}},{"type":"Feature","properties":{"osm_id":990986038,"waterway":"stream","water":"","natural":"","name":"","name:zh":"","width":"5","_kind":"river"},"geometry":{"type":"LineString","coordinates":[[113.0135343,25.7773989],[113.0138006,25.7774115]]}},{"type":"Feature","properties":{"osm_id":990986039,"waterway":"stream","water":"","natural":"","name":"","name:zh":"","width":"5","_kind":"river"},"geometry":{"type":"LineString","coordinates":[[113.0121504,25.7773336],[113.0135343,25.7773989]]}},{"type":"Feature","properties":{"osm_id":990986040,"waterway":"stream","water":"","natural":"","name":"","name:zh":"","width":"5","_kind":"river"},"geometry":{"type":"LineString","coordinates":[[113.010517,25.7757008],[113.0120042,25.7773267]]}},{"type":"Feature","properties":{"osm_id":993246360,"waterway":"stream","water":"","natural":"","name":"","name:zh":"","width":"","_kind":"river"},"geometry":{"type":"LineString","coordinates":[[112.8013152,26.0317729],[112.8016214,26.0325794],[112.8007435,26.0350246],[112.8027179,26.0370997],[112.8020463,26.0384901],[112.8034198,26.0392802],[112.8048908,26.038722],[112.8054816,26.0398905],[112.8065489,26.0398248],[112.8064435,26.040655],[112.8080537,26.041697],[112.8087011,26.0449169],[112.8107929,26.0462782],[112.8118604,26.0462191],[112.8140884,26.0478721],[112.8156623,26.0475385],[112.8181667,26.0486429],[112.8190779,26.0483997],[112.8199167,26.0493553],[112.8220098,26.0491301],[112.8237641,26.0499729],[112.8249279,26.0514244],[112.824171,26.052028],[112.8239961,26.0552624]]}},{"type":"Feature","properties":{"osm_id":996172624,"waterway":"stream","water":"","natural":"","name":"","name:zh":"","width":"","_kind":"river"},"geometry":{"type":"LineString","coordinates":[[112.7362664,25.8048923],[112.7349876,25.8012205],[112.7370795,25.7974673],[112.7386398,25.7968494],[112.7386168,25.7947091],[112.7409272,25.7936729],[112.741324,25.7910467]]}},{"type":"Feature","properties":{"osm_id":996177211,"waterway":"","water":"reservoir","natural":"water","name":"","name:zh":"","width":"","_kind":"water"},"geometry":{"type":"Polygon","coordinates":[[[112.7333205,25.79228],[112.7339389,25.7921263],[112.7334007,25.7913599],[112.7321925,25.7911805],[112.7333205,25.79228]]]}},{"type":"Feature","properties":{"osm_id":996177217,"waterway":"drain","water":"","natural":"","name":"","name:zh":"","width":"","_kind":"river"},"geometry":{"type":"LineString","coordinates":[[112.7332634,25.7921061],[112.7337405,25.7945399],[112.7320308,25.7957482]]}},{"type":"Feature","properties":{"osm_id":996177218,"waterway":"drain","water":"","natural":"","name":"","name:zh":"","width":"","_kind":"river"},"geometry":{"type":"LineString","coordinates":[[112.7278421,25.7879748],[112.7351085,25.8010596]]}},{"type":"Feature","properties":{"osm_id":997257924,"waterway":"","water":"reservoir","natural":"water","name":"荷叶塘水库","name:zh":"","width":"","_kind":"water"},"geometry":{"type":"Polygon","coordinates":[[[112.723963,25.7977233],[112.7247698,25.7974667],[112.7246109,25.7969024],[112.7226921,25.7957738],[112.7232042,25.7959921],[112.7225448,25.7950628],[112.72368,25.7943251],[112.7239982,25.7925401],[112.7229199,25.7890478],[112.7229114,25.7915877],[112.721639,25.792807],[112.7207821,25.795109],[112.7214703,25.7965169],[112.7225401,25.7965001],[112.723963,25.7977233]]]}},{"type":"Feature","properties":{"osm_id":997567017,"waterway":"drain","water":"","natural":"","name":"","name:zh":"","width":"","_kind":"river"},"geometry":{"type":"LineString","coordinates":[[112.7566904,25.821174],[112.7575362,25.823873]]}},{"type":"Feature","properties":{"osm_id":997567018,"waterway":"drain","water":"","natural":"","name":"","name:zh":"","width":"","_kind":"river"},"geometry":{"type":"LineString","coordinates":[[112.757704,25.8232489],[112.7575554,25.8238854]]}},{"type":"Feature","properties":{"osm_id":997567019,"waterway":"stream","water":"","natural":"","name":"樟市溪","name:zh":"","width":"","_kind":"river"},"geometry":{"type":"LineString","coordinates":[[112.7618882,25.7863781],[112.7602083,25.7884448],[112.7600204,25.7923088],[112.7615056,25.7988899],[112.760256,25.801016],[112.7602825,25.8090195],[112.7608914,25.811143],[112.7529941,25.8184142],[112.7577727,25.8241717],[112.7634038,25.8274603],[112.766165,25.8302983],[112.7672478,25.8357146],[112.7721031,25.8395627],[112.7724473,25.8405801],[112.7715234,25.841719],[112.7725108,25.8426197],[112.7732124,25.8463413],[112.7697893,25.8484904],[112.7698158,25.8494839],[112.7706682,25.850344],[112.7690242,25.8507085],[112.769326,25.8521094],[112.7675231,25.8544918],[112.7684577,25.8558141],[112.7671631,25.8560309],[112.7670333,25.857315],[112.7662841,25.8570076],[112.7642403,25.858256],[112.7621198,25.8586491],[112.7593876,25.8579534],[112.7587867,25.8588373],[112.7575715,25.8590755],[112.7546938,25.8581607],[112.7530233,25.8597259],[112.7540478,25.8614793],[112.7549876,25.8613482],[112.7544852,25.8630671]]}},{"type":"Feature","properties":{"osm_id":997571759,"waterway":"stream","water":"","natural":"","name":"樟市水（高坪水）","name:zh":"","width":"","_kind":"river"},"geometry":{"type":"LineString","coordinates":[[112.8492116,25.8974567],[112.8451897,25.8950941],[112.8427126,25.8950606],[112.841272,25.8935939],[112.8400213,25.889296],[112.8405193,25.8876614],[112.8362074,25.8850314],[112.8354109,25.8840331],[112.8354595,25.8819533],[112.8307319,25.8762097],[112.8308214,25.8730347],[112.8326637,25.872332],[112.832934,25.8713845],[112.8352439,25.8698313],[112.8329622,25.8664174],[112.835753,25.8671247],[112.835816,25.864327],[112.8328594,25.8609339],[112.8324714,25.8569721],[112.8315643,25.8557425],[112.8282628,25.8540995],[112.8254388,25.8544069],[112.8220892,25.8523864],[112.8209069,25.8495943],[112.8190132,25.8471753],[112.8194659,25.8454307],[112.8173864,25.843225],[112.8178126,25.8421012],[112.8158758,25.8387149],[112.810004,25.8395775],[112.8090571,25.8402312],[112.8056478,25.8396387],[112.8038719,25.8386746],[112.8026995,25.8395208],[112.801872,25.8390178],[112.7999999,25.8418191],[112.7992951,25.8415699],[112.7983367,25.8426832],[112.7972638,25.8419505],[112.795186,25.8438204],[112.7961843,25.8454874],[112.7960235,25.8471902],[112.7942259,25.8472275],[112.7924922,25.8485886],[112.7896585,25.8495022],[112.7893319,25.8504159],[112.7851711,25.8497207],[112.7839708,25.8501431],[112.7835779,25.8512112],[112.782741,25.8508938],[112.7809373,25.8521128],[112.7795827,25.8518967],[112.7808622,25.8539376],[112.7786252,25.8562741],[112.7778125,25.8567544],[112.7750572,25.8561045],[112.7722,25.8574821],[112.7722965,25.8583764],[112.7735008,25.8590968],[112.77347,25.8600937],[112.7719572,25.8600888],[112.7705531,25.8590281],[112.7674726,25.8589943],[112.7665767,25.8596363],[112.7668717,25.8607852],[112.765693,25.8609042],[112.7590384,25.8596544],[112.7537008,25.8635801],[112.7530959,25.8615937],[112.752251,25.8624554],[112.7508992,25.8621464],[112.7509099,25.8639759],[112.7483055,25.8655906],[112.7464172,25.8654723],[112.74517,25.8637949],[112.7455294,25.8630853],[112.746856,25.8630117],[112.7477946,25.8617275],[112.7465096,25.8602398],[112.745496,25.8605029],[112.7452129,25.8618287],[112.7441643,25.8623969],[112.739713,25.8616378],[112.7383411,25.8629405],[112.7346933,25.8631819],[112.7338028,25.865634],[112.7315283,25.8663484],[112.7273869,25.8693025],[112.7197051,25.8703451],[112.7206707,25.8739555],[112.7189648,25.8767404],[112.7212286,25.8777588],[112.722044,25.8800948],[112.7208638,25.8812918],[112.7119049,25.8834023]]}},{"type":"Feature","properties":{"osm_id":997689384,"waterway":"","water":"","natural":"water","name":"","name:zh":"","width":"","_kind":"water"},"geometry":{"type":"Polygon","coordinates":[[[112.7821615,25.9487562],[112.782361,25.9476324],[112.7815666,25.9475999],[112.7823165,25.9476995],[112.7821615,25.9487562]]]}},{"type":"Feature","properties":{"osm_id":997689395,"waterway":"drain","water":"","natural":"","name":"","name:zh":"","width":"","_kind":"river"},"geometry":{"type":"LineString","coordinates":[[112.7777243,25.934634],[112.7762406,25.9342678],[112.7757732,25.9330811]]}},{"type":"Feature","properties":{"osm_id":997689396,"waterway":"drain","water":"","natural":"","name":"","name:zh":"","width":"","_kind":"river"},"geometry":{"type":"LineString","coordinates":[[112.7757732,25.9330811],[112.7767606,25.9334606]]}},{"type":"Feature","properties":{"osm_id":997689397,"waterway":"drain","water":"","natural":"","name":"","name:zh":"","width":"","_kind":"river"},"geometry":{"type":"LineString","coordinates":[[112.7757732,25.9330811],[112.7750894,25.9300361]]}},{"type":"Feature","properties":{"osm_id":999182947,"waterway":"","water":"reservoir","natural":"water","name":"","name:zh":"","width":"","_kind":"water"},"geometry":{"type":"Polygon","coordinates":[[[112.8492116,25.8974567],[112.8481548,25.8981141],[112.8490828,25.8987064],[112.8492115,25.9010456],[112.8498142,25.9014091],[112.8499294,25.9004709],[112.8515096,25.9000627],[112.8492116,25.8974567]]]}},{"type":"Feature","properties":{"osm_id":999297213,"waterway":"","water":"pond","natural":"water","name":"","name:zh":"","width":"","_kind":"water"},"geometry":{"type":"Polygon","coordinates":[[[112.7521337,25.8140855],[112.7528448,25.8137824],[112.7524119,25.8132967],[112.7521337,25.8140855]]]}},{"type":"Feature","properties":{"osm_id":999297221,"waterway":"","water":"reservoir","natural":"water","name":"","name:zh":"","width":"","_kind":"water"},"geometry":{"type":"Polygon","coordinates":[[[112.7516197,25.8015902],[112.7514063,25.8002814],[112.7508227,25.8001288],[112.7516197,25.8015902]]]}},{"type":"Feature","properties":{"osm_id":999297223,"waterway":"drain","water":"","natural":"","name":"","name:zh":"","width":"","_kind":"river"},"geometry":{"type":"LineString","coordinates":[[112.7488951,25.807058],[112.7505318,25.8128048],[112.7497308,25.8144837],[112.7501194,25.8149101]]}},{"type":"Feature","properties":{"osm_id":999297224,"waterway":"drain","water":"","natural":"","name":"","name:zh":"","width":"","_kind":"river"},"geometry":{"type":"LineString","coordinates":[[112.7502081,25.8150192],[112.7529941,25.8184142]]}},{"type":"Feature","properties":{"osm_id":999297225,"waterway":"drain","water":"","natural":"","name":"","name:zh":"","width":"","_kind":"river"},"geometry":{"type":"LineString","coordinates":[[112.7501194,25.8149101],[112.7502081,25.8150192]]}},{"type":"Feature","properties":{"osm_id":999724040,"waterway":"","water":"reservoir","natural":"water","name":"","name:zh":"","width":"","_kind":"water"},"geometry":{"type":"Polygon","coordinates":[[[112.7486973,25.812274],[112.7491451,25.8120567],[112.7487017,25.8114454],[112.7495406,25.811596],[112.7488107,25.8102098],[112.7476621,25.8110541],[112.7486973,25.812274]]]}},{"type":"Feature","properties":{"osm_id":1001535949,"waterway":"","water":"","natural":"water","name":"","name:zh":"","width":"","_kind":"water"},"geometry":{"type":"Polygon","coordinates":[[[112.7611218,25.7809247],[112.7604566,25.7799362],[112.760006,25.7809518],[112.7613397,25.7841357],[112.7611338,25.7861016],[112.7618882,25.7863781],[112.7655917,25.784661],[112.762135,25.7832572],[112.7625179,25.782439],[112.7619512,25.782628],[112.7611218,25.7809247]]]}},{"type":"Feature","properties":{"osm_id":1001535950,"waterway":"stream","water":"","natural":"","name":"","name:zh":"","width":"","_kind":"river"},"geometry":{"type":"LineString","coordinates":[[112.7566485,25.7997596],[112.757531,25.8029628],[112.7602598,25.8057066]]}},{"type":"Feature","properties":{"osm_id":1001535955,"waterway":"","water":"reservoir","natural":"water","name":"","name:zh":"","width":"","_kind":"water"},"geometry":{"type":"Polygon","coordinates":[[[112.7569328,25.7986198],[112.7563173,25.7997765],[112.7555005,25.797969],[112.7569328,25.7986198]]]}},{"type":"Feature","properties":{"osm_id":1017765476,"waterway":"drain","water":"","natural":"","name":"左干渠","name:zh":"","width":"","_kind":"river"},"geometry":{"type":"LineString","coordinates":[[112.9288563,25.4519079],[112.9297886,25.4511155],[112.9292988,25.4484567],[112.9305275,25.4478517],[112.9302235,25.4464219],[112.9309937,25.4459565]]}},{"type":"Feature","properties":{"osm_id":1028732331,"waterway":"","water":"pond","natural":"water","name":"","name:zh":"","width":"","_kind":"water"},"geometry":{"type":"Polygon","coordinates":[[[112.71162,25.863589],[112.712359,25.8635081],[112.7124197,25.8626004],[112.71162,25.863589]]]}},{"type":"Feature","properties":{"osm_id":1028732333,"waterway":"","water":"pond","natural":"water","name":"","name:zh":"","width":"","_kind":"water"},"geometry":{"type":"Polygon","coordinates":[[[112.7337508,25.8600198],[112.7336908,25.8582888],[112.7355838,25.8579395],[112.7353832,25.8573076],[112.7362319,25.8568857],[112.7358913,25.8563267],[112.7326136,25.8580964],[112.7327006,25.8598235],[112.7337508,25.8600198]]]}},{"type":"Feature","properties":{"osm_id":1028732336,"waterway":"","water":"pond","natural":"water","name":"","name:zh":"","width":"","_kind":"water"},"geometry":{"type":"Polygon","coordinates":[[[112.7340556,25.8568867],[112.7341636,25.8563863],[112.7349537,25.8564583],[112.7340556,25.8568867]]]}},{"type":"Feature","properties":{"osm_id":1028732337,"waterway":"","water":"","natural":"water","name":"","name:zh":"","width":"","_kind":"water"},"geometry":{"type":"Polygon","coordinates":[[[112.7416964,25.8621036],[112.7433406,25.8625977],[112.745122,25.8621251],[112.745913,25.8602687],[112.7474257,25.8608793],[112.7477422,25.8616758],[112.746774,25.8629791],[112.7450842,25.8635101],[112.7464226,25.8655109],[112.7452129,25.8634642],[112.7470261,25.862996],[112.7478549,25.8615261],[112.745921,25.8601238],[112.7450086,25.8618942],[112.7430541,25.8623346],[112.740393,25.8608286],[112.7408704,25.8614199],[112.7400872,25.8619171],[112.7416964,25.8621036]]]}},{"type":"Feature","properties":{"osm_id":1051417183,"waterway":"","water":"","natural":"","name":"","name:zh":"","width":"","_kind":"river"},"geometry":{"type":"LineString","coordinates":[[113.026271,25.7923794],[113.0290402,25.7930479],[113.0336275,25.7916883]]}},{"type":"Feature","properties":{"osm_id":1063436794,"waterway":"","water":"","natural":"water","name":"","name:zh":"","width":"","_kind":"water"},"geometry":{"type":"Polygon","coordinates":[[[113.1643577,25.8848089],[113.1648405,25.8841924],[113.1653944,25.8848222],[113.1643577,25.8848089]]]}},{"type":"Feature","properties":{"osm_id":1063436795,"waterway":"","water":"","natural":"water","name":"","name:zh":"","width":"","_kind":"water"},"geometry":{"type":"Polygon","coordinates":[[[113.1629688,25.8829731],[113.1623179,25.8838823],[113.1633398,25.8838763],[113.1629688,25.8829731]]]}},{"type":"Feature","properties":{"osm_id":1063436796,"waterway":"","water":"","natural":"water","name":"","name:zh":"","width":"","_kind":"water"},"geometry":{"type":"Polygon","coordinates":[[[113.159185,25.8807681],[113.1598905,25.8806475],[113.1601292,25.8795844],[113.1592521,25.8796484],[113.159185,25.8807681]]]}},{"type":"Feature","properties":{"osm_id":1063436797,"waterway":"","water":"","natural":"water","name":"","name:zh":"","width":"","_kind":"water"},"geometry":{"type":"Polygon","coordinates":[[[113.1545609,25.8818661],[113.1553146,25.882438],[113.1560174,25.8821267],[113.1553468,25.8806016],[113.1545609,25.8818661]]]}},{"type":"Feature","properties":{"osm_id":1063436798,"waterway":"","water":"","natural":"water","name":"","name:zh":"","width":"","_kind":"water"},"geometry":{"type":"Polygon","coordinates":[[[113.1571868,25.8926573],[113.1593138,25.8944501],[113.1611136,25.8926573],[113.1592467,25.892141],[113.159287,25.8905846],[113.1581095,25.8914122],[113.1581739,25.88995],[113.1572217,25.890225],[113.1576589,25.8907511],[113.1571868,25.8926573]]]}},{"type":"Feature","properties":{"osm_id":1063436799,"waterway":"","water":"","natural":"water","name":"","name:zh":"","width":"","_kind":"water"},"geometry":{"type":"Polygon","coordinates":[[[113.1522435,25.8899451],[113.1507924,25.8924884],[113.1499019,25.8927949],[113.1509346,25.892778],[113.1533432,25.8901189],[113.1537348,25.8904929],[113.1554916,25.8896532],[113.1553817,25.8886156],[113.15624,25.8880829],[113.1546923,25.8877493],[113.1547728,25.889477],[113.1537348,25.8898703],[113.1529623,25.8888038],[113.1534854,25.8874935],[113.1530455,25.8871701],[113.1538957,25.8864414],[113.1526136,25.8866827],[113.1520128,25.888256],[113.1522435,25.8899451]]]}},{"type":"Feature","properties":{"osm_id":1063440811,"waterway":"","water":"","natural":"water","name":"","name:zh":"","width":"","_kind":"water"},"geometry":{"type":"Polygon","coordinates":[[[113.1671275,25.8676519],[113.1662929,25.8679027],[113.1667945,25.8687184],[113.1673819,25.8681874],[113.1671275,25.8676519]]]}},{"type":"Feature","properties":{"osm_id":1063443947,"waterway":"","water":"","natural":"water","name":"","name:zh":"","width":"","_kind":"water"},"geometry":{"type":"Polygon","coordinates":[[[113.2065448,25.8200389],[113.2069927,25.8209661],[113.2088917,25.8216373],[113.2106996,25.8194522],[113.2113862,25.8179335],[113.2108605,25.8169774],[113.2119012,25.8166973],[113.2103938,25.8159633],[113.2110912,25.8142442],[113.209455,25.8128968],[113.2116222,25.8125202],[113.2122767,25.8113032],[113.2131886,25.8109603],[113.2134139,25.8092652],[113.2158977,25.8080772],[113.2169276,25.8055176],[113.2162303,25.805054],[113.2174319,25.8030498],[113.218132,25.7996847],[113.2151574,25.8026392],[113.2140738,25.8072611],[113.2120514,25.8095743],[113.2111072,25.810347],[113.208999,25.8106754],[113.2074863,25.8095888],[113.2083338,25.8109265],[113.2072449,25.8128292],[113.2074983,25.8135222],[113.2067326,25.8139303],[113.2074299,25.8141089],[113.2079235,25.8153995],[113.207033,25.8165186],[113.2075345,25.8187448],[113.2065448,25.8200389]]]}},{"type":"Feature","properties":{"osm_id":1064471431,"waterway":"","water":"","natural":"water","name":"","name:zh":"","width":"","_kind":"water"},"geometry":{"type":"Polygon","coordinates":[[[113.1631547,25.9045272],[113.1633398,25.9050327],[113.1643751,25.9038806],[113.1644422,25.902357],[113.1628583,25.8998007],[113.1631547,25.9045272]]]}},{"type":"Feature","properties":{"osm_id":1064471432,"waterway":"","water":"","natural":"water","name":"","name:zh":"","width":"","_kind":"water"},"geometry":{"type":"Polygon","coordinates":[[[113.1623232,25.9043885],[113.1616715,25.9042558],[113.1616902,25.9052016],[113.1624091,25.9056986],[113.1630233,25.9044754],[113.1623232,25.9043885]]]}},{"type":"Feature","properties":{"osm_id":1065729828,"waterway":"","water":"","natural":"water","name":"","name:zh":"","width":"","_kind":"water"},"geometry":{"type":"Polygon","coordinates":[[[112.955124,25.5200835],[112.9582715,25.5203539],[112.9583144,25.5190105],[112.955938,25.5182117],[112.9503,25.5178196],[112.955124,25.5200835]]]}},{"type":"Feature","properties":{"osm_id":1065729830,"waterway":"river","water":"","natural":"","name":"","name:zh":"","width":"","_kind":"river"},"geometry":{"type":"LineString","coordinates":[[112.9072988,25.5398375],[112.9077816,25.5389662],[112.9098201,25.5385693],[112.9095304,25.539547],[112.9110432,25.5399246],[112.9112041,25.5415315],[112.9167616,25.5418607],[112.9184461,25.5429158],[112.9221261,25.5434119],[112.9258794,25.5434533]]}},{"type":"Feature","properties":{"osm_id":1065738382,"waterway":"river","water":"","natural":"","name":"","name:zh":"","width":"","_kind":"river"},"geometry":{"type":"LineString","coordinates":[[112.9867973,25.5459413],[112.9874432,25.5446776],[112.9888058,25.5442614],[112.9921746,25.544697],[112.9919708,25.5410669],[112.993387,25.5397019],[112.9935586,25.5369914],[112.9957259,25.5369042],[112.9971421,25.5357329]]}},{"type":"Feature","properties":{"osm_id":1066289159,"waterway":"","water":"","natural":"","name":"","name:zh":"","width":"","_kind":"river"},"geometry":{"type":"LineString","coordinates":[[113.1331193,25.7068639],[113.1360289,25.70859],[113.1350975,25.706885],[113.1353007,25.7055008],[113.1345993,25.705725],[113.1342405,25.7049788]]}},{"type":"Feature","properties":{"osm_id":1067268620,"waterway":"","water":"reservoir","natural":"water","name":"仙岭水库","name:zh":"","width":"","_kind":"water"},"geometry":{"type":"Polygon","coordinates":[[[112.9649958,25.6945173],[112.9648107,25.695953],[112.9656409,25.6968098],[112.967855,25.698585],[112.9694965,25.6988473],[112.9678617,25.6972267],[112.9683579,25.696753],[112.9670101,25.6960328],[112.96826,25.6935807],[112.9649958,25.6945173]]]}},{"type":"Feature","properties":{"osm_id":1067268621,"waterway":"","water":"reservoir","natural":"water","name":"","name:zh":"","width":"","_kind":"water"},"geometry":{"type":"Polygon","coordinates":[[[112.9646404,25.6938212],[112.9653445,25.6935529],[112.9654893,25.6925958],[112.9646216,25.693107],[112.9646404,25.6938212]]]}},{"type":"Feature","properties":{"osm_id":1067268622,"waterway":"","water":"reservoir","natural":"water","name":"","name:zh":"","width":"","_kind":"water"},"geometry":{"type":"Polygon","coordinates":[[[112.9620943,25.6911214],[112.9622278,25.6932363],[112.9638746,25.6951337],[112.9643816,25.6922792],[112.9629292,25.6909395],[112.9620943,25.6911214]]]}},{"type":"Feature","properties":{"osm_id":1067268623,"waterway":"","water":"reservoir","natural":"water","name":"","name:zh":"","width":"","_kind":"water"},"geometry":{"type":"Polygon","coordinates":[[[112.9614694,25.6924544],[112.9621319,25.6931795],[112.9620876,25.6923154],[112.9616514,25.6924047],[112.9619086,25.690709],[112.961118,25.6909486],[112.9614694,25.6924544]]]}},{"type":"Feature","properties":{"osm_id":1067268624,"waterway":"","water":"","natural":"","name":"","name:zh":"","width":"","_kind":"water"},"geometry":{"type":"Polygon","coordinates":[[[112.9591989,25.6922867],[112.9588888,25.6926764],[112.9582115,25.6921911],[112.9604076,25.6915322],[112.960917,25.6924423],[112.9591989,25.6922867]]]}},{"type":"Feature","properties":{"osm_id":1076454993,"waterway":"stream","water":"","natural":"","name":"","name:zh":"","width":"","_kind":"river"},"geometry":{"type":"LineString","coordinates":[[112.7686421,25.9278648],[112.7655116,25.929155],[112.7651054,25.9281966],[112.7630192,25.9279453],[112.7613875,25.9293929]]}},{"type":"Feature","properties":{"osm_id":1076916985,"waterway":"","water":"reservoir","natural":"water","name":"铁坑水库","name:zh":"","width":"","_kind":"water"},"geometry":{"type":"Polygon","coordinates":[[[112.7718928,26.0155741],[112.7724749,26.0140338],[112.7747722,26.0130962],[112.7750096,26.0123224],[112.7736121,26.0107001],[112.7718097,26.0115342],[112.7719653,26.0122609],[112.7730435,26.0125514],[112.7713591,26.0143593],[112.7718928,26.0155741]]]}},{"type":"Feature","properties":{"osm_id":1076995261,"waterway":"","water":"reservoir","natural":"water","name":"立新水库","name:zh":"","width":"","_kind":"water"},"geometry":{"type":"Polygon","coordinates":[[[112.7600391,25.9960726],[112.7577563,25.9950171],[112.7572947,25.9936014],[112.7564806,25.993355],[112.7570572,25.9956136],[112.7589969,25.9960065],[112.758844,25.9973074],[112.7593602,25.9961798],[112.7600391,25.9960726]]]}},{"type":"Feature","properties":{"osm_id":1079462003,"waterway":"","water":"pond","natural":"water","name":"","name:zh":"","width":"","_kind":"water"},"geometry":{"type":"Polygon","coordinates":[[[112.7667466,25.9971861],[112.7670711,25.996769],[112.7682143,25.9980576],[112.7667466,25.9971861]]]}},{"type":"Feature","properties":{"osm_id":1079465140,"waterway":"","water":"pond","natural":"water","name":"","name:zh":"","width":"","_kind":"water"},"geometry":{"type":"Polygon","coordinates":[[[112.759329,25.9866324],[112.7591956,25.9861256],[112.759701,25.9861108],[112.759329,25.9866324]]]}},{"type":"Feature","properties":{"osm_id":1079752824,"waterway":"","water":"pond","natural":"water","name":"","name:zh":"","width":"","_kind":"water"},"geometry":{"type":"Polygon","coordinates":[[[112.7632125,26.0130447],[112.7641549,26.01293],[112.7637531,26.0124677],[112.7632125,26.0130447]]]}},{"type":"Feature","properties":{"osm_id":1079777709,"waterway":"stream","water":"","natural":"","name":"","name:zh":"","width":"","_kind":"river"},"geometry":{"type":"LineString","coordinates":[[112.7565404,25.9933181],[112.7578745,25.9923784],[112.7571138,25.988873],[112.7581633,25.9875109],[112.7586706,25.9851466],[112.7580294,25.9822776],[112.7586811,25.9815287],[112.7574884,25.9796026],[112.7585981,25.9787349],[112.7570365,25.9772205],[112.757722,25.9759686],[112.7569689,25.97517],[112.7580356,25.9743216],[112.7589055,25.9716685],[112.7579213,25.9697314],[112.7547777,25.9685438],[112.7549591,25.9667625],[112.7532635,25.9656562],[112.7508498,25.965934],[112.7487873,25.967057],[112.7469546,25.9670285],[112.746503,25.9661168],[112.7436932,25.9645118],[112.7430541,25.9604446],[112.7402575,25.9608388],[112.7385357,25.9593002],[112.7373103,25.9591815],[112.7373816,25.9581937],[112.7357179,25.9573009],[112.7358526,25.9566361],[112.7338852,25.9570682],[112.7294632,25.9559812]]}},{"type":"Feature","properties":{"osm_id":1079783508,"waterway":"","water":"pond","natural":"water","name":"","name:zh":"","width":"","_kind":"water"},"geometry":{"type":"Polygon","coordinates":[[[112.7976191,25.9601675],[112.7980037,25.9608151],[112.7968898,25.961111],[112.7976191,25.9601675]]]}},{"type":"Feature","properties":{"osm_id":1079783513,"waterway":"stream","water":"","natural":"","name":"","name:zh":"","width":"","_kind":"river"},"geometry":{"type":"LineString","coordinates":[[112.8182538,25.9696944],[112.8141982,25.9681988],[112.8141982,25.9665449],[112.8135455,25.9658981],[112.8145958,25.9645717],[112.8128078,25.961534]]}},{"type":"Feature","properties":{"osm_id":1079842697,"waterway":"","water":"pond","natural":"water","name":"","name:zh":"","width":"","_kind":"water"},"geometry":{"type":"Polygon","coordinates":[[[112.7456329,25.9798828],[112.7464087,25.9796274],[112.7458022,25.9793194],[112.7456329,25.9798828]]]}},{"type":"Feature","properties":{"osm_id":1079873284,"waterway":"","water":"reservoir","natural":"water","name":"四清水库","name:zh":"","width":"","_kind":"water"},"geometry":{"type":"Polygon","coordinates":[[[112.8157835,26.0319567],[112.8143786,26.0312566],[112.8151761,26.0308376],[112.8173204,26.0314606],[112.8169032,26.0323647],[112.8157835,26.0319567]]]}},{"type":"Feature","properties":{"osm_id":1079876853,"waterway":"","water":"reservoir","natural":"water","name":"上塘水库","name:zh":"","width":"","_kind":"water"},"geometry":{"type":"Polygon","coordinates":[[[112.8199689,26.0130009],[112.81959,26.0118976],[112.8214207,26.0100172],[112.8209564,26.0126219],[112.8199689,26.0130009]]]}},{"type":"Feature","properties":{"osm_id":1089879486,"waterway":"","water":"reservoir","natural":"water","name":"","name:zh":"","width":"","_kind":"water"},"geometry":{"type":"Polygon","coordinates":[[[112.7718124,26.01555],[112.7715683,26.0164828],[112.7721249,26.0172747],[112.7718124,26.01555]]]}},{"type":"Feature","properties":{"osm_id":1090859151,"waterway":"","water":"pond","natural":"water","name":"","name:zh":"","width":"","_kind":"water"},"geometry":{"type":"Polygon","coordinates":[[[112.7902535,25.9843532],[112.790092,25.9826043],[112.7906441,25.9835327],[112.7902535,25.9843532]]]}},{"type":"Feature","properties":{"osm_id":1090860404,"waterway":"","water":"pond","natural":"water","name":"","name:zh":"","width":"","_kind":"water"},"geometry":{"type":"Polygon","coordinates":[[[112.7970417,25.9789091],[112.7975577,25.9788398],[112.797319,25.9782654],[112.7970417,25.9789091]]]}},{"type":"Feature","properties":{"osm_id":1090862462,"waterway":"","water":"","natural":"water","name":"","name:zh":"","width":"","_kind":"water"},"geometry":{"type":"Polygon","coordinates":[[[112.8031945,25.9635652],[112.8040926,25.9637191],[112.8046695,25.9628128],[112.8056733,25.9633011],[112.8059058,25.9627824],[112.8056332,25.9633391],[112.8046082,25.9628983],[112.804082,25.9637951],[112.8031945,25.9635652]]]}},{"type":"Feature","properties":{"osm_id":1091905780,"waterway":"drain","water":"","natural":"","name":"","name:zh":"","width":"","_kind":"river"},"geometry":{"type":"LineString","coordinates":[[112.8108521,26.0445028],[112.8116606,26.0462579]]}},{"type":"Feature","properties":{"osm_id":1092172329,"waterway":"stream","water":"","natural":"","name":"","name:zh":"","width":"","_kind":"river"},"geometry":{"type":"LineString","coordinates":[[112.799613,26.0369883],[112.8003967,26.0354368],[112.8009496,26.0356068]]}},{"type":"Feature","properties":{"osm_id":1092172345,"waterway":"","water":"pond","natural":"water","name":"","name:zh":"","width":"","_kind":"water"},"geometry":{"type":"Polygon","coordinates":[[[112.7908963,26.0432306],[112.7920014,26.0432764],[112.7934042,26.0445584],[112.7947426,26.0434547],[112.7945039,26.0428836],[112.7931252,26.0427558],[112.7908963,26.0432306]]]}},{"type":"Feature","properties":{"osm_id":1092225361,"waterway":"stream","water":"","natural":"","name":"猪头沟","name:zh":"","width":"","_kind":"river"},"geometry":{"type":"LineString","coordinates":[[112.8156598,26.0386325],[112.8183433,26.0371359],[112.8212804,26.0338607],[112.8249751,26.0335208]]}},{"type":"Feature","properties":{"osm_id":1092225367,"waterway":"drain","water":"","natural":"","name":"","name:zh":"","width":"","_kind":"river"},"geometry":{"type":"LineString","coordinates":[[112.806944,26.0143809],[112.8089476,26.0175302],[112.8102672,26.0177941],[112.8103492,26.0185089]]}},{"type":"Feature","properties":{"osm_id":1092225371,"waterway":"drain","water":"","natural":"","name":"","name:zh":"","width":"","_kind":"river"},"geometry":{"type":"LineString","coordinates":[[112.8017861,26.0174289],[112.8025371,26.0169902],[112.8036851,26.0176049],[112.807121,26.0177784]]}},{"type":"Feature","properties":{"osm_id":1092225373,"waterway":"stream","water":"","natural":"","name":"","name:zh":"","width":"","_kind":"river"},"geometry":{"type":"LineString","coordinates":[[112.80707,26.0178423],[112.8088081,26.0178845],[112.8137876,26.0199586],[112.817139,26.0203298],[112.81823,26.0211879],[112.8190635,26.0231017],[112.8186719,26.0242718],[112.8214601,26.0303287],[112.824735,26.0323278],[112.8253265,26.0349343],[112.8270096,26.0360948],[112.8266528,26.0401531],[112.8259018,26.0418931],[112.8282031,26.0430788],[112.8282809,26.044303],[112.8315653,26.0493491],[112.830715,26.0498142],[112.8311656,26.0500346],[112.8310617,26.0517419],[112.8335807,26.0539413]]}},{"type":"Feature","properties":{"osm_id":1095754220,"waterway":"stream","water":"","natural":"","name":"","name:zh":"","width":"","_kind":"river"},"geometry":{"type":"LineString","coordinates":[[112.7417622,25.86728],[112.7426957,25.8670049],[112.743554,25.8684517],[112.7448428,25.8690261],[112.7473775,25.8684686],[112.7532502,25.8688367],[112.7548541,25.8717328],[112.7573566,25.8738819],[112.7570871,25.8748822],[112.7578636,25.8758572],[112.7634747,25.8781124]]}},{"type":"Feature","properties":{"osm_id":1095754225,"waterway":"","water":"pond","natural":"water","name":"","name:zh":"","width":"","_kind":"water"},"geometry":{"type":"Polygon","coordinates":[[[112.7425495,25.8706033],[112.7433166,25.8707059],[112.7429967,25.8701188],[112.7425495,25.8706033]]]}},{"type":"Feature","properties":{"osm_id":1095758856,"waterway":"","water":"","natural":"water","name":"","name:zh":"","width":"","_kind":"water"},"geometry":{"type":"Polygon","coordinates":[[[112.7400872,25.8619171],[112.7401194,25.8614344],[112.7393711,25.8614561],[112.740393,25.8608286],[112.7401918,25.8603145],[112.738907,25.8606066],[112.7382117,25.8627287],[112.7368699,25.861963],[112.7340281,25.8628572],[112.7340563,25.865126],[112.7324335,25.8646517],[112.7316476,25.865062],[112.7311756,25.8661505],[112.7302784,25.8661312],[112.7280092,25.8686098],[112.7252794,25.8682062],[112.7252385,25.8704488],[112.7273668,25.8711638],[112.728376,25.8702618],[112.729522,25.8708235],[112.7300021,25.870146],[112.7290573,25.869259],[112.7307766,25.8672583],[112.7318414,25.8665294],[112.734067,25.8665704],[112.7351131,25.8654433],[112.7383371,25.8668094],[112.737397,25.8654264],[112.7358279,25.8650161],[112.7352901,25.8637092],[112.7367063,25.8628391],[112.7386348,25.8635439],[112.7400872,25.8619171]]]}},{"type":"Feature","properties":{"osm_id":1095758859,"waterway":"","water":"pond","natural":"water","name":"","name:zh":"","width":"","_kind":"water"},"geometry":{"type":"Polygon","coordinates":[[[112.7395883,25.866737],[112.7399558,25.8661746],[112.7411064,25.8670869],[112.7395883,25.866737]]]}},{"type":"Feature","properties":{"osm_id":1095758860,"waterway":"","water":"pond","natural":"water","name":"","name:zh":"","width":"","_kind":"water"},"geometry":{"type":"Polygon","coordinates":[[[112.7385288,25.8666332],[112.7395025,25.8660443],[112.7381346,25.8658005],[112.7385288,25.8666332]]]}},{"type":"Feature","properties":{"osm_id":1095758861,"waterway":"","water":"pond","natural":"water","name":"","name:zh":"","width":"","_kind":"water"},"geometry":{"type":"Polygon","coordinates":[[[112.7478831,25.8609553],[112.748099,25.8614574],[112.74863,25.8611894],[112.7478831,25.8609553]]]}},{"type":"Feature","properties":{"osm_id":1095758865,"waterway":"","water":"pond","natural":"water","name":"","name:zh":"","width":"","_kind":"water"},"geometry":{"type":"Polygon","coordinates":[[[112.7423644,25.8630129],[112.7428955,25.8629827],[112.7428029,25.8634944],[112.7423644,25.8630129]]]}},{"type":"Feature","properties":{"osm_id":1095762822,"waterway":"","water":"","natural":"water","name":"","name:zh":"","width":"","_kind":"water"},"geometry":{"type":"Polygon","coordinates":[[[112.7194798,25.8914653],[112.7188361,25.8908862],[112.7197748,25.8888906],[112.7212822,25.8883755],[112.7199572,25.8897485],[112.7199988,25.8904121],[112.7209537,25.890552],[112.7223142,25.8900664],[112.7242186,25.8876727],[112.7229345,25.8907179],[112.7209946,25.8915063],[112.7211079,25.8925765],[112.7194798,25.8914653]]]}},{"type":"Feature","properties":{"osm_id":1095762824,"waterway":"","water":"","natural":"water","name":"","name:zh":"","width":"","_kind":"water"},"geometry":{"type":"Polygon","coordinates":[[[112.7323812,25.8718172],[112.7323115,25.8711318],[112.7333522,25.8715047],[112.7323812,25.8718172]]]}},{"type":"Feature","properties":{"osm_id":1095762825,"waterway":"","water":"","natural":"water","name":"","name:zh":"","width":"","_kind":"water"},"geometry":{"type":"Polygon","coordinates":[[[112.7312547,25.8717255],[112.7313191,25.871057],[112.7320647,25.8711053],[112.7320433,25.8717641],[112.7312547,25.8717255]]]}},{"type":"Feature","properties":{"osm_id":1095762826,"waterway":"","water":"","natural":"water","name":"","name:zh":"","width":"","_kind":"water"},"geometry":{"type":"Polygon","coordinates":[[[112.7296051,25.8727343],[112.7299726,25.8722927],[112.7299941,25.8729298],[112.7296051,25.8727343]]]}},{"type":"Feature","properties":{"osm_id":1095762827,"waterway":"","water":"","natural":"water","name":"","name:zh":"","width":"","_kind":"water"},"geometry":{"type":"Polygon","coordinates":[[[112.7296145,25.8711729],[112.7300236,25.8705188],[112.7311233,25.871267],[112.7299109,25.872032],[112.7296145,25.8711729]]]}},{"type":"Feature","properties":{"osm_id":1095762828,"waterway":"","water":"","natural":"water","name":"","name:zh":"","width":"","_kind":"water"},"geometry":{"type":"Polygon","coordinates":[[[112.7272931,25.8714576],[112.7279234,25.8713092],[112.7284142,25.872318],[112.7268317,25.8721322],[112.7272931,25.8714576]]]}},{"type":"Feature","properties":{"osm_id":1095762831,"waterway":"","water":"","natural":"water","name":"","name:zh":"","width":"","_kind":"water"},"geometry":{"type":"Polygon","coordinates":[[[112.7306324,25.868144],[112.7309865,25.8676275],[112.7321157,25.868074],[112.7310401,25.8685446],[112.7306324,25.868144]]]}},{"type":"Feature","properties":{"osm_id":1095762835,"waterway":"","water":"","natural":"water","name":"","name:zh":"","width":"","_kind":"water"},"geometry":{"type":"Polygon","coordinates":[[[112.7214915,25.8929903],[112.7216631,25.8924016],[112.7240168,25.8928745],[112.722854,25.8934801],[112.7214915,25.8929903]]]}},{"type":"Feature","properties":{"osm_id":1095762836,"waterway":"","water":"","natural":"water","name":"","name:zh":"","width":"","_kind":"water"},"geometry":{"type":"Polygon","coordinates":[[[112.7268384,25.8836374],[112.7274942,25.8837508],[112.7267177,25.8848379],[112.7268384,25.8836374]]]}},{"type":"Feature","properties":{"osm_id":1095762837,"waterway":"","water":"pond","natural":"water","name":"","name:zh":"","width":"","_kind":"water"},"geometry":{"type":"Polygon","coordinates":[[[112.7337317,25.8796013],[112.7371931,25.8808453],[112.7357581,25.879389],[112.7341475,25.8789437],[112.7337317,25.8796013]]]}},{"type":"Feature","properties":{"osm_id":1095762838,"waterway":"","water":"pond","natural":"water","name":"","name:zh":"","width":"","_kind":"water"},"geometry":{"type":"Polygon","coordinates":[[[112.7348274,25.8720006],[112.7356039,25.8716592],[112.734936,25.8715119],[112.7348274,25.8720006]]]}},{"type":"Feature","properties":{"osm_id":1095763682,"waterway":"","water":"pond","natural":"water","name":"","name:zh":"","width":"","_kind":"water"},"geometry":{"type":"Polygon","coordinates":[[[112.7321452,25.8838377],[112.732459,25.883285],[112.7338336,25.8841429],[112.734991,25.8850128],[112.7349964,25.8857223],[112.7344921,25.885919],[112.7340187,25.8849586],[112.7321452,25.8838377]]]}},{"type":"Feature","properties":{"osm_id":1097035791,"waterway":"","water":"pond","natural":"water","name":"","name:zh":"","width":"","_kind":"water"},"geometry":{"type":"Polygon","coordinates":[[[112.780838,26.0122814],[112.7808273,26.0115896],[112.7815273,26.0118186],[112.780838,26.0122814]]]}},{"type":"Feature","properties":{"osm_id":1097063241,"waterway":"","water":"pond","natural":"water","name":"","name:zh":"","width":"","_kind":"water"},"geometry":{"type":"Polygon","coordinates":[[[112.7523811,25.7315108],[112.7524938,25.7320811],[112.7528572,25.7316679],[112.7523811,25.7315108]]]}},{"type":"Feature","properties":{"osm_id":1097063244,"waterway":"","water":"pond","natural":"water","name":"","name:zh":"","width":"","_kind":"water"},"geometry":{"type":"Polygon","coordinates":[[[112.7539931,25.7311677],[112.7546516,25.7311266],[112.7540146,25.7306664],[112.7539931,25.7311677]]]}},{"type":"Feature","properties":{"osm_id":1097063247,"waterway":"","water":"pond","natural":"water","name":"","name:zh":"","width":"","_kind":"water"},"geometry":{"type":"Polygon","coordinates":[[[112.7519211,25.732011],[112.7516757,25.7316763],[112.7524106,25.7316039],[112.7519211,25.732011]]]}},{"type":"Feature","properties":{"osm_id":1099759929,"waterway":"","water":"pond","natural":"water","name":"","name:zh":"","width":"","_kind":"water"},"geometry":{"type":"Polygon","coordinates":[[[112.7536739,25.7368144],[112.7547388,25.7355326],[112.756733,25.7377325],[112.7556199,25.7376044],[112.7556574,25.7369472],[112.7550995,25.737248],[112.7548286,25.7365244],[112.7536739,25.7368144]]]}},{"type":"Feature","properties":{"osm_id":1099759935,"waterway":"","water":"pond","natural":"water","name":"","name:zh":"","width":"","_kind":"water"},"geometry":{"type":"Polygon","coordinates":[[[112.7554187,25.7347002],[112.7559203,25.7344948],[112.7552135,25.7354873],[112.7554187,25.7347002]]]}},{"type":"Feature","properties":{"osm_id":1099759937,"waterway":"","water":"pond","natural":"water","name":"","name:zh":"","width":"","_kind":"water"},"geometry":{"type":"Polygon","coordinates":[[[112.7552216,25.7317911],[112.7561215,25.7324326],[112.7560142,25.7340575],[112.7552216,25.7317911]]]}},{"type":"Feature","properties":{"osm_id":1105314611,"waterway":"","water":"","natural":"","name":"","name:zh":"","width":"","_kind":"river"},"geometry":{"type":"LineString","coordinates":[[112.7336001,25.8631788],[112.7338769,25.8619726],[112.7312195,25.8611279],[112.7331261,25.8605248],[112.7325912,25.8598787],[112.729501,25.8604439],[112.7287041,25.8603463],[112.7289651,25.8594061],[112.7282469,25.8593741],[112.7278181,25.8604834],[112.7260179,25.8603233],[112.7250802,25.8588164],[112.7266877,25.8570684],[112.7263182,25.856535],[112.723539,25.8571061],[112.7246377,25.8587451],[112.7225223,25.8581763],[112.7204347,25.8588507],[112.7195814,25.8618803],[112.718141,25.8606439],[112.7151586,25.8604276],[112.7154975,25.8613869],[112.7182027,25.8627011],[112.7232191,25.8630439],[112.7240084,25.8643014],[112.721597,25.8662301],[112.7183149,25.8659288],[112.7176451,25.8670137],[112.7187168,25.8689424],[112.7167743,25.8691232],[112.7157696,25.8681588],[112.7155016,25.8691834],[112.7165733,25.8702683],[112.7119515,25.8691232],[112.710277,25.8694245],[112.710277,25.8705697],[112.7124204,25.8703286],[112.7155016,25.8711121],[112.7114827,25.8721367],[112.7133582,25.874005],[112.7142959,25.8726791],[112.7148988,25.8759336],[112.7159705,25.8747282],[112.7170422,25.8775608],[112.7187168,25.8784647],[112.7201904,25.8778621],[112.7209942,25.8804535],[112.7185158,25.8815985],[112.7157026,25.8819601],[112.7145639,25.8799714],[112.7129563,25.8792482],[112.7116836,25.8795495],[112.7104779,25.8782237],[112.7097411,25.8718956],[112.710143,25.8675561]]}},{"type":"Feature","properties":{"osm_id":1105314612,"waterway":"","water":"","natural":"","name":"","name:zh":"","width":"","_kind":"water"},"geometry":{"type":"Polygon","coordinates":[[[112.7402023,25.8602685],[112.7402852,25.8588767],[112.7390795,25.8574301],[112.7395484,25.8557423],[112.7368021,25.8525476],[112.7366682,25.855441],[112.7377018,25.8565384],[112.737204,25.8573095],[112.7388863,25.8605528],[112.7402023,25.8602685]]]}},{"type":"Feature","properties":{"osm_id":1112048737,"waterway":"","water":"","natural":"","name":"","name:zh":"","width":"","_kind":"water"},"geometry":{"type":"Polygon","coordinates":[[[113.1545101,26.040307],[113.1579596,26.037068],[113.1545308,26.0393856],[113.1540271,26.0401687],[113.1545101,26.040307]]]}},{"type":"Feature","properties":{"osm_id":1197154590,"waterway":"","water":"","natural":"","name":"","name:zh":"","width":"","_kind":"river"},"geometry":{"type":"LineString","coordinates":[[112.9419732,26.3243633],[112.9418191,26.319241],[112.9432729,26.3170165],[112.9436033,26.3139496],[112.9432068,26.3100731],[112.9413418,26.3056896],[112.936797,26.3003317],[112.9363271,26.2991404],[112.9368043,26.2984821],[112.936071,26.2987695],[112.9323537,26.2929235],[112.9314194,26.2904201],[112.9323184,26.2792312],[112.9313053,26.2777069],[112.9314713,26.2755103],[112.9290735,26.2646385],[112.9275477,26.2612967],[112.9241845,26.2571915],[112.9203454,26.2564449],[112.9163057,26.2547698],[112.913956,26.2535623],[112.9121482,26.2513732],[112.9122823,26.2496749],[112.9146588,26.2478129],[112.9151952,26.2460039],[112.9202912,26.2425875],[112.9350745,26.2364791],[112.9393446,26.2363637],[112.9427241,26.2379708],[112.9459321,26.2405017],[112.9515765,26.2415579],[112.9621004,26.2386252],[112.9657278,26.2365056],[112.9714346,26.2343234],[112.9753087,26.233965],[112.9806828,26.2340925],[112.9910586,26.2425683],[112.9940305,26.243059],[112.9984508,26.2418947],[113.0020986,26.2420583],[113.0040716,26.2414929],[113.0059814,26.2402323],[113.0079769,26.2372875],[113.0084608,26.2337725],[113.0062614,26.2254188],[113.0073868,26.2227263],[113.0103158,26.2199833],[113.0112492,26.2150648],[113.0085574,26.2055041],[113.0097697,26.1949438],[113.0078171,26.1921809],[113.0087505,26.1907657],[113.01522,26.1891964],[113.0188892,26.1867414],[113.0224072,26.1856174],[113.0251549,26.1855476],[113.0295644,26.1865199],[113.0327723,26.1902265],[113.0370628,26.1922218],[113.04394,26.1912783],[113.0490051,26.1890039],[113.0507109,26.1860193],[113.0506251,26.1842671],[113.0469559,26.1824281],[113.0412685,26.1829408],[113.0391549,26.1824113],[113.0375038,26.1803099],[113.0375252,26.1791064],[113.0385434,26.1779053],[113.0410872,26.1767667],[113.0496906,26.1769713],[113.053199,26.1759989],[113.0549049,26.1736013],[113.0561065,26.1676506],[113.0618786,26.1610255],[113.0659566,26.1601276],[113.0720388,26.1605537],[113.0770063,26.1586373],[113.0795501,26.1551777],[113.0802142,26.1510391],[113.0842589,26.1480824],[113.0844199,26.1462526],[113.0832193,26.1429948],[113.0834983,26.1417524],[113.0857513,26.1409337],[113.0934761,26.142311],[113.0967473,26.1424868],[113.098936,26.1417452],[113.1023596,26.1395179],[113.1032824,26.131555],[113.1043982,26.1292168],[113.1070371,26.1270695],[113.1117632,26.1256661],[113.124286,26.1234415],[113.1249228,26.1228509],[113.1265869,26.1236008],[113.135012,26.1231204],[113.1362818,26.1239737],[113.1445936,26.1196288],[113.1469861,26.1178365],[113.1487274,26.1155612],[113.1479346,26.1119892],[113.1445795,26.109879],[113.1419605,26.1093324],[113.134061,26.1099172],[113.13173,26.1090352],[113.1314886,26.1072143],[113.1330417,26.1039677],[113.1324059,26.1016071],[113.1315797,26.101113],[113.1253785,26.0986877],[113.1191639,26.098319],[113.1167471,26.0965873],[113.116356,26.0931561],[113.1142741,26.0914324],[113.1145209,26.088272],[113.1242362,26.0818261],[113.1273472,26.0780817],[113.1274706,26.0711865],[113.1281197,26.0684688],[113.1260329,26.0658763],[113.1255609,26.0634814],[113.1242841,26.0614333],[113.1223959,26.0591973],[113.1164092,26.0544697],[113.1164253,26.0525805],[113.1171334,26.0517178],[113.1199926,26.0507491],[113.124209,26.0514431],[113.1249332,26.0536456],[113.1265211,26.0554046],[113.1330389,26.0588166],[113.1403935,26.0687724],[113.146348,26.0721165],[113.1539333,26.0715094],[113.1562507,26.0703915],[113.1573853,26.0688157],[113.1579244,26.0667389],[113.1568354,26.0645367],[113.1550759,26.06272],[113.1471097,26.0575732],[113.1427109,26.0565949],[113.1408977,26.0555733],[113.1396425,26.0543685],[113.1391704,26.0514528],[113.1402916,26.0495394],[113.14296,26.0484041],[113.1453011,26.0486461],[113.1494136,26.0504236],[113.1553906,26.0486833],[113.1573485,26.0458447],[113.1573692,26.0443277],[113.156872,26.043034],[113.1523762,26.0385386],[113.1528282,26.0381842],[113.1489712,26.032164],[113.1517661,26.0314265],[113.151927,26.0301395],[113.1516319,26.0310625],[113.1492609,26.0317542],[113.1428826,26.0297828],[113.1417936,26.0286114],[113.1394735,26.0288356],[113.1369576,26.0275895],[113.1361395,26.0247093],[113.1366491,26.0235162],[113.1374806,26.0231884],[113.1375074,26.0220315],[113.1317836,26.0179243],[113.1303245,26.0148197],[113.1309897,26.0138844],[113.1295037,26.0123754],[113.129257,26.0107459],[113.1268752,26.009155],[113.1248152,26.0101047],[113.1234848,26.008856],[113.1239033,26.006296],[113.1253946,26.0046905],[113.1241286,26.0011058],[113.1219855,26.0007755],[113.1142554,26.0030416],[113.1119406,26.0030344],[113.1113291,26.0023859]]}},{"type":"Feature","properties":{"osm_id":1197598192,"waterway":"","water":"pond","natural":"water","name":"","name:zh":"","width":"","_kind":"water"},"geometry":{"type":"Polygon","coordinates":[[[112.8310019,25.5135873],[112.8317265,25.5126944],[112.8319723,25.513693],[112.8310019,25.5135873]]]}},{"type":"Feature","properties":{"osm_id":1207906312,"waterway":"river","water":"","natural":"","name":"郴江","name:zh":"郴江","width":"","_kind":"river"},"geometry":{"type":"LineString","coordinates":[[112.9787408,25.7965659],[112.9831369,25.7972686],[112.9838786,25.7977106],[112.9843934,25.7998446],[112.9877863,25.8002007],[112.9897365,25.7985075],[112.9899055,25.7961795],[112.993269,25.7961916],[112.9945296,25.7969468],[112.9939912,25.7975759],[112.9945417,25.7982479],[112.9978824,25.7995966],[112.999835,25.8022191],[113.0028941,25.8036836],[113.0056769,25.8028856],[113.0079406,25.8039046],[113.0112934,25.8074784],[113.010824,25.8092725],[113.0092657,25.810912],[113.0115335,25.8120095],[113.0122764,25.8131153],[113.0111385,25.8194788],[113.0122362,25.8206051],[113.0148071,25.819713],[113.0184656,25.8206401],[113.0188183,25.8214453],[113.0178353,25.8233901],[113.0207042,25.8260264]]}},{"type":"Feature","properties":{"osm_id":1225576183,"waterway":"","water":"","natural":"","name":"","name:zh":"","width":"","_kind":"river"},"geometry":{"type":"LineString","coordinates":[[113.1270173,26.0222388],[113.1286669,26.0229787],[113.1306517,26.0214482],[113.1306598,26.0202623],[113.1318024,26.0207347],[113.1322423,26.0201587],[113.133586,26.0217374],[113.1351149,26.0220026],[113.1357425,26.0227642],[113.1342298,26.0239163],[113.1346509,26.0242923],[113.1339723,26.0255432],[113.1356487,26.0288982],[113.1407073,26.031083],[113.1408173,26.0316675],[113.1486869,26.0344005],[113.1514957,26.0395159],[113.1546966,26.0422336],[113.156095,26.0455748],[113.1548313,26.047399],[113.1525834,26.0485437],[113.1490303,26.0489253],[113.1444724,26.0471291],[113.1420898,26.0471756],[113.139165,26.049178],[113.1376898,26.0523925],[113.1383496,26.0550624],[113.1392294,26.0560937],[113.1498402,26.0609369],[113.1559771,26.0653752],[113.1566074,26.0669774],[113.1555641,26.0691868],[113.1536007,26.0701602],[113.1506932,26.0704204],[113.1454468,26.0685893],[113.1391221,26.0635103],[113.134042,26.0577756],[113.1268376,26.0538914],[113.1247079,26.0504407],[113.1217575,26.0493226],[113.1174123,26.0499057],[113.115052,26.0519829],[113.1153631,26.0557612],[113.1237692,26.0628404],[113.1260168,26.072767],[113.1256682,26.0776432],[113.1247728,26.0792116],[113.121244,26.0820013],[113.1142473,26.085916],[113.1128418,26.0885321],[113.1122303,26.0955419],[113.1139094,26.0980037],[113.1183833,26.1000511],[113.1228143,26.1001282],[113.1295701,26.1016738],[113.1311475,26.1030465],[113.1299168,26.108356],[113.1306302,26.1100805],[113.1333983,26.1112702],[113.1395711,26.111005],[113.1461572,26.1121001],[113.1472793,26.1133997],[113.1469328,26.1151258],[113.144924,26.1173943],[113.1377273,26.1203344],[113.1328319,26.1209694],[113.1252067,26.1208824],[113.1040871,26.1266015],[113.1021076,26.1308157],[113.101394,26.1384006],[113.0990111,26.1406665],[113.0948601,26.1410397],[113.0886588,26.1396816],[113.0825638,26.1405027],[113.0819415,26.1432188],[113.083068,26.1471097],[113.0824994,26.1480632],[113.0786167,26.1495439],[113.0779826,26.1515398],[113.0787121,26.1528111],[113.0785297,26.1538223],[113.0765771,26.1570002],[113.0706773,26.1591646],[113.0635641,26.1583268],[113.0623828,26.1588107],[113.054981,26.1653468],[113.0541967,26.1699712],[113.0528771,26.1729851],[113.0502485,26.1752767],[113.0411854,26.1751017],[113.0392338,26.175361],[113.0364094,26.1770363],[113.0354224,26.1796071],[113.0364513,26.182469],[113.0377934,26.1838916],[113.040142,26.184539],[113.0463218,26.1840673],[113.048886,26.1849242],[113.0488109,26.1865224],[113.046252,26.1889196],[113.0433134,26.1899859],[113.0378846,26.1889124],[113.0325363,26.1872613],[113.0299936,26.1853357],[113.0243824,26.1838049],[113.0204867,26.1845102],[113.0149732,26.1872516],[113.0087279,26.1890448]]}},{"type":"Feature","properties":{"osm_id":1225576193,"waterway":"","water":"","natural":"","name":"","name:zh":"","width":"","_kind":"river"},"geometry":{"type":"LineString","coordinates":[[113.1270173,26.0222388],[113.1283879,26.0224894],[113.1298444,26.0217567],[113.1302521,26.0203852],[113.1294849,26.0204479],[113.1303191,26.0195416],[113.1289726,26.0149209],[113.1234688,26.0106109],[113.1224441,26.0104374],[113.1225139,26.0094442],[113.1216878,26.0090971],[113.1221116,26.0064262],[113.1238604,26.004177],[113.1234929,26.003437],[113.1209072,26.0024582],[113.1173828,26.0041361],[113.1108007,26.0038492],[113.1092316,26.0020243],[113.1101221,25.9995171],[113.1127399,25.9973908],[113.1121015,25.9952645],[113.1051332,25.9960359],[113.1029069,25.9940301],[113.1029874,25.992598],[113.1020379,25.9920628],[113.1025529,25.9881908],[113.1048918,25.9850131],[113.1056803,25.9845019],[113.1087166,25.985394],[113.1103635,25.9850468],[113.1121176,25.9837834],[113.1150144,25.9799546],[113.1161839,25.9747512],[113.1155401,25.9729379],[113.1182626,25.9662873],[113.1178227,25.9637794],[113.1164145,25.96308],[113.1123912,25.9667189],[113.107287,25.9675557],[113.1022632,25.9627472],[113.1017375,25.9590286],[113.1035614,25.9556041],[113.1020926,25.952867],[113.1005788,25.9519142],[113.0954289,25.9512486],[113.0927843,25.9492998],[113.0918723,25.9492516],[113.0909255,25.9467867],[113.0928433,25.9405447],[113.0961344,25.9381472],[113.1027567,25.935945],[113.1041917,25.9342782],[113.1050044,25.9304092],[113.1068337,25.928272],[113.1103303,25.9288263],[113.112498,25.9282],[113.1144749,25.9235254],[113.1217163,25.9230485],[113.1271067,25.918942],[113.1286844,25.9194141],[113.1327409,25.9187208],[113.1344521,25.9171645],[113.1357187,25.9178913],[113.1361806,25.9190298],[113.1339452,25.9196291],[113.1371811,25.919883],[113.1363547,25.9182793],[113.1344823,25.9167477],[113.1372664,25.919014],[113.1409546,25.9185259],[113.1420277,25.9174169],[113.1481824,25.917198],[113.1494782,25.9158846],[113.1494915,25.9169455],[113.154856,25.9167302],[113.1568408,25.9161475],[113.1580371,25.9130691],[113.1637931,25.9090932],[113.1674623,25.9093393],[113.1698924,25.9104829],[113.1719483,25.9092717],[113.1719738,25.9117422],[113.1731111,25.9115734],[113.175289,25.9152066],[113.1747579,25.9248851],[113.1757557,25.9336559],[113.1770646,25.9363382],[113.1787062,25.9371004],[113.1787491,25.938316],[113.1801331,25.9384415],[113.180455,25.9376021],[113.1864738,25.9409596],[113.187654,25.9432943],[113.1863987,25.946507],[113.1900787,25.9501536],[113.1943864,25.9510122],[113.201977,25.9496906],[113.210772,25.9405206],[113.2182258,25.9384511],[113.2183975,25.9375249],[113.2190734,25.937274],[113.221651,25.9366179],[113.2222465,25.9370642],[113.2224946,25.9363683],[113.2298988,25.9364467],[113.2367592,25.9388262],[113.2423925,25.9432895],[113.2452464,25.9474669],[113.2437631,25.951702],[113.2439858,25.9525412],[113.2452437,25.9545647],[113.2468048,25.9549361],[113.2495567,25.9535493],[113.253454,25.9481325],[113.2545644,25.9451081],[113.2593763,25.9379349],[113.2681417,25.9309881],[113.2705557,25.9229987],[113.2742089,25.9181305],[113.2735839,25.9157398],[113.2736617,25.9122054],[113.2774919,25.9053584],[113.2801527,25.9019324],[113.2818156,25.898125],[113.2844013,25.8954949],[113.2872391,25.8903698],[113.2890093,25.8888014],[113.294068,25.887479],[113.295511,25.8819289],[113.2969487,25.8804568],[113.3062533,25.8795639],[113.3083373,25.8760937],[113.3087137,25.8728072],[113.3093826,25.8729187],[113.3088604,25.8760792],[113.3066207,25.8800562],[113.2966161,25.8813449],[113.2947493,25.8878024],[113.2931882,25.8888738],[113.2901466,25.8892985],[113.2885694,25.8905243],[113.2865846,25.8949207],[113.2827061,25.8990804],[113.2808802,25.9042401],[113.2805979,25.903573],[113.2785594,25.9059761],[113.2759255,25.9109799],[113.2748312,25.9147048],[113.275432,25.9186661],[113.2718646,25.9228781],[113.2688445,25.9317552],[113.2599449,25.9391313],[113.2572292,25.9431749],[113.2573673,25.9459739],[113.2567075,25.9479516],[113.2497579,25.9552809],[113.2480788,25.9558839],[113.2453752,25.956207],[113.2434708,25.9549529],[113.2359365,25.9400273],[113.2299176,25.9380049],[113.2220104,25.937947],[113.2140899,25.9404555],[113.2092833,25.9435307],[113.209691,25.9438346],[113.2021594,25.9509736],[113.2008934,25.9507035],[113.1951427,25.9523435],[113.1892848,25.9513113],[113.1800043,25.9444424],[113.1767213,25.9395317],[113.1768501,25.9387984],[113.1746614,25.9354312],[113.1736207,25.9317069],[113.1729233,25.9225983],[113.171432,25.9156312],[113.1694767,25.9118773],[113.1672934,25.9103357],[113.1650081,25.9104346],[113.1622394,25.9117308],[113.1605476,25.91332],[113.1595901,25.9156264],[113.15808,25.9168411],[113.1584287,25.917841],[113.1578777,25.9168654],[113.1560321,25.9178772],[113.1525493,25.9179134],[113.1462085,25.9200363],[113.143105,25.9199663],[113.1393729,25.9226277],[113.1362772,25.9220423],[113.1335095,25.9229773],[113.1287424,25.9205326],[113.1273818,25.9205439],[113.1218422,25.9244546],[113.116636,25.9252033],[113.1153641,25.9261079],[113.1130274,25.9298984],[113.1078501,25.9305733],[113.1062968,25.9319412],[113.10595,25.9346826],[113.1047019,25.936417],[113.1025194,25.9379012],[113.0977812,25.9392386],[113.0939323,25.9420498],[113.0929989,25.9441505],[113.0937538,25.9470263],[113.0929286,25.9475041],[113.0953914,25.9493095],[113.0983643,25.9489487],[113.1002516,25.949459],[113.1003927,25.9502988],[113.1012451,25.950427],[113.1041193,25.9537471],[113.104924,25.9583534],[113.1042829,25.9630101],[113.1073835,25.966145],[113.1088802,25.9665839],[113.1116429,25.9658122],[113.11528,25.9629956],[113.1157574,25.9617561],[113.1173133,25.9613479],[113.1186895,25.9624528],[113.1197525,25.9651797],[113.1192791,25.9702565],[113.1185174,25.9704011],[113.1189573,25.9714911],[113.1177449,25.9719444],[113.1187534,25.9721277],[113.117305,25.9746065],[113.1171977,25.9783777],[113.1155455,25.9816086],[113.1120157,25.9859582],[113.1078637,25.9862668],[113.1049347,25.9876556],[113.1041622,25.9891022],[113.1041729,25.990298],[113.105911,25.9913492],[113.1061363,25.9931622],[113.1083572,25.9941458],[113.1124663,25.9939722],[113.1147247,25.9947871],[113.1139415,25.9973812],[113.1115973,26.0004573],[113.1113291,26.0023859]]}},{"type":"Feature","properties":{"osm_id":1264418607,"waterway":"stream","water":"","natural":"","name":"","name:zh":"","width":"","_kind":"river"},"geometry":{"type":"LineString","coordinates":[[112.8283539,25.5117594],[112.8252633,25.5101355],[112.8231898,25.5101914],[112.8187948,25.5089894]]}},{"type":"Feature","properties":{"osm_id":1264418608,"waterway":"drain","water":"","natural":"","name":"","name:zh":"","width":"","_kind":"river"},"geometry":{"type":"LineString","coordinates":[[112.8288877,25.5116432],[112.8289679,25.511649]]}},{"type":"Feature","properties":{"osm_id":1264418609,"waterway":"drain","water":"","natural":"","name":"","name:zh":"","width":"","_kind":"river"},"geometry":{"type":"LineString","coordinates":[[112.8289679,25.511649],[112.8292481,25.5116638]]}},{"type":"Feature","properties":{"osm_id":1264418610,"waterway":"drain","water":"","natural":"","name":"","name:zh":"","width":"","_kind":"river"},"geometry":{"type":"LineString","coordinates":[[112.8292481,25.5116638],[112.8293146,25.5116663]]}},{"type":"Feature","properties":{"osm_id":1264699498,"waterway":"","water":"pond","natural":"water","name":"","name:zh":"","width":"","_kind":"water"},"geometry":{"type":"Polygon","coordinates":[[[113.1651434,25.9666448],[113.1655243,25.9661731],[113.1650331,25.9657646],[113.1651434,25.9666448]]]}},{"type":"Feature","properties":{"osm_id":1264699499,"waterway":"","water":"pond","natural":"water","name":"","name:zh":"","width":"","_kind":"water"},"geometry":{"type":"Polygon","coordinates":[[[113.1645892,25.9665965],[113.164121,25.9671794],[113.1638222,25.9664246],[113.1645892,25.9665965]]]}},{"type":"Feature","properties":{"osm_id":1264724252,"waterway":"","water":"pond","natural":"water","name":"","name:zh":"","width":"","_kind":"water"},"geometry":{"type":"Polygon","coordinates":[[[113.1626579,25.9716685],[113.1631034,25.9715472],[113.1623254,25.9710733],[113.1626579,25.9716685]]]}},{"type":"Feature","properties":{"osm_id":1264724253,"waterway":"","water":"pond","natural":"water","name":"","name:zh":"","width":"","_kind":"water"},"geometry":{"type":"Polygon","coordinates":[[[113.1636274,25.9720831],[113.1641231,25.9718377],[113.1645341,25.9728644],[113.1636274,25.9720831]]]}},{"type":"Feature","properties":{"osm_id":1265300979,"waterway":"","water":"","natural":"water","name":"","name:zh":"","width":"","_kind":"water"},"geometry":{"type":"Polygon","coordinates":[[[113.0330613,25.6140847],[113.0328615,25.6136168],[113.0334089,25.6135654],[113.0335568,25.6141947],[113.0330613,25.6140847]]]}},{"type":"Feature","properties":{"osm_id":1268568217,"waterway":"","water":"","natural":"water","name":"东江","name:zh":"","width":"","_kind":"water"},"geometry":{"type":"Polygon","coordinates":[[[113.2391744,25.946825],[113.2383302,25.9469856],[113.2382809,25.9481603],[113.2407151,25.9497893],[113.2399283,25.9483078],[113.2393894,25.9483535],[113.2391744,25.946825]]]}},{"type":"Feature","properties":{"osm_id":1268574594,"waterway":"","water":"pond","natural":"water","name":"","name:zh":"","width":"","_kind":"water"},"geometry":{"type":"Polygon","coordinates":[[[112.9665894,25.7357034],[112.967065,25.735773],[112.9667926,25.7369339],[112.9665894,25.7357034]]]}},{"type":"Feature","properties":{"osm_id":1268574595,"waterway":"","water":"pond","natural":"water","name":"","name:zh":"","width":"","_kind":"water"},"geometry":{"type":"Polygon","coordinates":[[[112.9670717,25.7382042],[112.9664836,25.7403962],[112.9678084,25.7405294],[112.9679748,25.7400167],[112.9671429,25.7398446],[112.9677715,25.7385735],[112.9670717,25.7382042]]]}},{"type":"Feature","properties":{"osm_id":1269258447,"waterway":"river","water":"","natural":"","name":"","name:zh":"","width":"","_kind":"river"},"geometry":{"type":"LineString","coordinates":[[112.9696278,25.7830807],[112.973579,25.7870043],[112.9764815,25.7889534],[112.9771034,25.7904096],[112.9767394,25.7928156],[112.9787408,25.7965659]]}},{"type":"Feature","properties":{"osm_id":1269258448,"waterway":"river","water":"","natural":"","name":"","name:zh":"","width":"","_kind":"river"},"geometry":{"type":"LineString","coordinates":[[112.9628609,25.7815509],[112.9648833,25.7830435],[112.9678337,25.7822658],[112.9695269,25.7830058]]}},{"type":"Feature","properties":{"osm_id":1269258449,"waterway":"river","water":"","natural":"","name":"","name:zh":"","width":"","_kind":"river"},"geometry":{"type":"LineString","coordinates":[[112.9695269,25.7830058],[112.9696278,25.7830807]]}},{"type":"Feature","properties":{"osm_id":1269258454,"waterway":"river","water":"","natural":"","name":"","name:zh":"","width":"","_kind":"river"},"geometry":{"type":"LineString","coordinates":[[112.9253691,25.7555861],[112.9250753,25.7561598],[112.9256239,25.7559431],[112.9254292,25.7569057],[112.9266078,25.7586525],[112.9303503,25.7594811],[112.9324075,25.7617603],[112.9334659,25.7614316],[112.9339473,25.7605391],[112.934556,25.7606029],[112.9350153,25.7621077],[112.9370108,25.7616439],[112.9379979,25.7643977],[112.9396919,25.7653426],[112.9419605,25.765317],[112.9426435,25.7662579],[112.9425337,25.7674332],[112.9470464,25.7678286],[112.9482498,25.7699704],[112.9498434,25.7691027],[112.9514899,25.7699484],[112.9513111,25.7709186],[112.9553744,25.7725322],[112.9567155,25.7720636],[112.9594782,25.7727206],[112.9595157,25.7741989],[112.9606691,25.7760345],[112.960435,25.7772014],[112.962858,25.7789733],[112.9628609,25.7815509]]}},{"type":"Feature","properties":{"osm_id":1269258455,"waterway":"river","water":"","natural":"","name":"","name:zh":"","width":"","_kind":"river"},"geometry":{"type":"LineString","coordinates":[[112.9055208,25.7419862],[112.9059207,25.7413263],[112.9120365,25.7418268],[112.9144998,25.7423209],[112.917639,25.7444122],[112.9182513,25.7441317],[112.9215782,25.7483141],[112.9225802,25.750706],[112.9235754,25.7510917],[112.9228837,25.7523793],[112.9253691,25.7555861]]}},{"type":"Feature","properties":{"osm_id":1270322286,"waterway":"stream","water":"","natural":"","name":"","name:zh":"","width":"","_kind":"river"},"geometry":{"type":"LineString","coordinates":[[113.1088402,25.8005328],[113.1096261,25.8012476],[113.1094276,25.8035489],[113.110699,25.8053479],[113.1127446,25.8064362]]}},{"type":"Feature","properties":{"osm_id":1271080546,"waterway":"","water":"pond","natural":"water","name":"","name:zh":"","width":"","_kind":"water"},"geometry":{"type":"Polygon","coordinates":[[[113.1381358,25.9531763],[113.1384316,25.9525013],[113.1383204,25.9548293],[113.1407508,25.954483],[113.1379213,25.9552724],[113.1381358,25.9531763]]]}},{"type":"Feature","properties":{"osm_id":1271199492,"waterway":"","water":"pond","natural":"water","name":"","name:zh":"","width":"","_kind":"water"},"geometry":{"type":"Polygon","coordinates":[[[113.147384,25.9446793],[113.1496869,25.9439821],[113.1477456,25.9434559],[113.147384,25.9446793]]]}},{"type":"Feature","properties":{"osm_id":1271199493,"waterway":"","water":"pond","natural":"water","name":"","name:zh":"","width":"","_kind":"water"},"geometry":{"type":"Polygon","coordinates":[[[113.144798,25.9410509],[113.1449359,25.9404524],[113.1440112,25.9402944],[113.144798,25.9410509]]]}},{"type":"Feature","properties":{"osm_id":1271619703,"waterway":"","water":"pond","natural":"water","name":"","name:zh":"","width":"","_kind":"water"},"geometry":{"type":"Polygon","coordinates":[[[113.1370533,25.9382235],[113.1376009,25.9376789],[113.1376428,25.9382552],[113.1370533,25.9382235]]]}},{"type":"Feature","properties":{"osm_id":1271619725,"waterway":"","water":"","natural":"water","name":"","name:zh":"","width":"","_kind":"water"},"geometry":{"type":"Polygon","coordinates":[[[113.1400741,25.9420091],[113.139357,25.9406243],[113.1390848,25.9418316],[113.1400741,25.9420091]]]}},{"type":"Feature","properties":{"osm_id":1271645521,"waterway":"","water":"reservoir","natural":"water","name":"石面坦水库","name:zh":"Shimiantan Reservoir","width":"","_kind":"water"},"geometry":{"type":"Polygon","coordinates":[[[113.0867215,25.9526361],[113.0863113,25.952357],[113.0902496,25.9523571],[113.0906682,25.9532934],[113.0901965,25.9542614],[113.0896991,25.9537007],[113.0885923,25.9538183],[113.0870985,25.9547799],[113.0876677,25.9534887],[113.0867215,25.9526361]]]}},{"type":"Feature","properties":{"osm_id":1271645542,"waterway":"","water":"pond","natural":"water","name":"","name:zh":"","width":"","_kind":"water"},"geometry":{"type":"Polygon","coordinates":[[[113.0562763,25.9543463],[113.0555628,25.9538302],[113.055536,25.9545489],[113.0562763,25.9543463]]]}},{"type":"Feature","properties":{"osm_id":1271645544,"waterway":"","water":"pond","natural":"water","name":"","name:zh":"","width":"","_kind":"water"},"geometry":{"type":"Polygon","coordinates":[[[113.0517788,25.9415339],[113.0522884,25.9417173],[113.0523796,25.9411384],[113.0517788,25.9415339]]]}},{"type":"Feature","properties":{"osm_id":1271645545,"waterway":"","water":"pond","natural":"water","name":"","name:zh":"","width":"","_kind":"water"},"geometry":{"type":"Polygon","coordinates":[[[113.052165,25.9409068],[113.0532916,25.9403521],[113.052621,25.9401639],[113.052165,25.9409068]]]}},{"type":"Feature","properties":{"osm_id":1271645546,"waterway":"","water":"reservoir","natural":"water","name":"革新水库","name:zh":"Gexin Reservoir","width":"","_kind":"water"},"geometry":{"type":"Polygon","coordinates":[[[113.0527152,25.9432264],[113.0533314,25.9431821],[113.0535841,25.9422512],[113.0527152,25.9432264]]]}},{"type":"Feature","properties":{"osm_id":1271744168,"waterway":"","water":"","natural":"water","name":"","name:zh":"","width":"","_kind":"water"},"geometry":{"type":"Polygon","coordinates":[[[113.1494292,25.9533577],[113.1481932,25.9532133],[113.1505746,25.9533466],[113.1497752,25.954499],[113.1486047,25.9541361],[113.1497459,25.9538482],[113.1494292,25.9533577]]]}},{"type":"Feature","properties":{"osm_id":1271744182,"waterway":"","water":"","natural":"","name":"","name:zh":"","width":"","_kind":"river"},"geometry":{"type":"LineString","coordinates":[[113.1532281,25.9596626],[113.1515081,25.9592066],[113.1523614,25.9596367],[113.1523749,25.9604803],[113.1530955,25.9600132]]}},{"type":"Feature","properties":{"osm_id":1271885179,"waterway":"","water":"","natural":"water","name":"","name:zh":"","width":"","_kind":"water"},"geometry":{"type":"Polygon","coordinates":[[[113.1532939,25.9536596],[113.1535077,25.9532757],[113.150632,25.9540165],[113.1532939,25.9536596]]]}},{"type":"Feature","properties":{"osm_id":1274358650,"waterway":"","water":"lake","natural":"water","name":"","name:zh":"","width":"","_kind":"water"},"geometry":{"type":"Polygon","coordinates":[[[113.1197944,25.7793455],[113.1209853,25.7786595],[113.1222808,25.7789131],[113.121672,25.7779833],[113.1220529,25.7772418],[113.1213957,25.7768336],[113.1206232,25.7772756],[113.1204382,25.7756863],[113.1175253,25.77444],[113.1182683,25.7765317],[113.1188047,25.7759689],[113.1197864,25.7766138],[113.1197944,25.7793455]]]}},{"type":"Feature","properties":{"osm_id":1279240500,"waterway":"","water":"","natural":"water","name":"","name:zh":"","width":"","_kind":"water"},"geometry":{"type":"Polygon","coordinates":[[[113.1678747,25.9686892],[113.1679951,25.9681079],[113.1697965,25.9680678],[113.1683696,25.9684286],[113.1689805,25.9687774],[113.1686639,25.9691342],[113.1678747,25.9686892]]]}},{"type":"Feature","properties":{"osm_id":1279240501,"waterway":"","water":"","natural":"water","name":"","name:zh":"","width":"","_kind":"water"},"geometry":{"type":"Polygon","coordinates":[[[113.1731343,25.9716587],[113.1725577,25.9709922],[113.1749994,25.9700506],[113.176341,25.9686859],[113.1772471,25.9662843],[113.1778943,25.9661256],[113.1769972,25.9690147],[113.1731343,25.9716587]]]}},{"type":"Feature","properties":{"osm_id":1279240502,"waterway":"","water":"pond","natural":"water","name":"","name:zh":"","width":"","_kind":"water"},"geometry":{"type":"Polygon","coordinates":[[[113.1629715,25.961939],[113.1618457,25.9606651],[113.1619739,25.9615516],[113.1629715,25.961939]]]}},{"type":"Feature","properties":{"osm_id":1279240503,"waterway":"","water":"pond","natural":"water","name":"","name:zh":"","width":"","_kind":"water"},"geometry":{"type":"Polygon","coordinates":[[[113.1618904,25.9598583],[113.1626434,25.9595544],[113.162295,25.9586932],[113.1628021,25.9579655],[113.1634014,25.9581129],[113.1624077,25.957247],[113.1618904,25.9598583]]]}},{"type":"Feature","properties":{"osm_id":1279240508,"waterway":"","water":"pond","natural":"water","name":"","name:zh":"","width":"","_kind":"water"},"geometry":{"type":"Polygon","coordinates":[[[113.1707439,25.9547705],[113.1715198,25.954129],[113.1704139,25.9530465],[113.1702623,25.9546663],[113.1707439,25.9547705]]]}},{"type":"Feature","properties":{"osm_id":1279288075,"waterway":"","water":"","natural":"water","name":"","name:zh":"","width":"","_kind":"water"},"geometry":{"type":"Polygon","coordinates":[[[113.1490077,25.9476828],[113.1496709,25.9471159],[113.1474993,25.9462802],[113.147602,25.9473888],[113.1466019,25.9466154],[113.1471345,25.9477084],[113.1459555,25.9470614],[113.1459921,25.9476061],[113.1449188,25.947533],[113.1467564,25.9477779],[113.145679,25.948732],[113.1460083,25.9492804],[113.1470084,25.9478802],[113.1474719,25.9481837],[113.1479679,25.9472515],[113.1487078,25.9472551],[113.1488135,25.9483043],[113.1473524,25.9491669],[113.147126,25.9499864],[113.1477721,25.9500614],[113.1480533,25.9487978],[113.14872,25.9502527],[113.1483704,25.9489075],[113.1494193,25.9481106],[113.1490077,25.9476828]]]}},{"type":"Feature","properties":{"osm_id":1279557995,"waterway":"","water":"pond","natural":"water","name":"","name:zh":"","width":"","_kind":"water"},"geometry":{"type":"Polygon","coordinates":[[[113.0392879,25.8150593],[113.0397822,25.814862],[113.0396192,25.8153606],[113.0392879,25.8150593]]]}},{"type":"Feature","properties":{"osm_id":1280425108,"waterway":"","water":"pond","natural":"water","name":"","name:zh":"","width":"","_kind":"water"},"geometry":{"type":"Polygon","coordinates":[[[113.1529057,25.9511594],[113.1536191,25.9515523],[113.1529971,25.9517515],[113.1529057,25.9511594]]]}},{"type":"Feature","properties":{"osm_id":1280425113,"waterway":"","water":"pond","natural":"water","name":"","name:zh":"","width":"","_kind":"water"},"geometry":{"type":"Polygon","coordinates":[[[113.1685219,25.9451732],[113.1688908,25.9448582],[113.1679288,25.9444005],[113.1685219,25.9451732]]]}},{"type":"Feature","properties":{"osm_id":1280425114,"waterway":"","water":"pond","natural":"water","name":"","name:zh":"","width":"","_kind":"water"},"geometry":{"type":"Polygon","coordinates":[[[113.1686947,25.9452068],[113.1693111,25.9453411],[113.1688161,25.9456561],[113.1686947,25.9452068]]]}},{"type":"Feature","properties":{"osm_id":1280425125,"waterway":"","water":"pond","natural":"water","name":"","name:zh":"","width":"","_kind":"water"},"geometry":{"type":"Polygon","coordinates":[[[113.1451184,25.9365625],[113.1444468,25.9364447],[113.1445937,25.9369094],[113.1451184,25.9365625]]]}},{"type":"Feature","properties":{"osm_id":1280748033,"waterway":"","water":"pond","natural":"water","name":"","name:zh":"","width":"","_kind":"water"},"geometry":{"type":"Polygon","coordinates":[[[113.0775024,25.9477301],[113.0777304,25.9469654],[113.0770711,25.9471926],[113.0775024,25.9477301]]]}},{"type":"Feature","properties":{"osm_id":1280748034,"waterway":"","water":"pond","natural":"water","name":"","name:zh":"","width":"","_kind":"water"},"geometry":{"type":"Polygon","coordinates":[[[113.075851,25.9486333],[113.0762392,25.9484172],[113.0757955,25.9481789],[113.075851,25.9486333]]]}},{"type":"Feature","properties":{"osm_id":1281099794,"waterway":"","water":"pond","natural":"water","name":"","name:zh":"","width":"","_kind":"water"},"geometry":{"type":"Polygon","coordinates":[[[113.0651048,25.9484656],[113.0661226,25.9482972],[113.0665867,25.9474773],[113.0651862,25.9476896],[113.0651048,25.9484656]]]}},{"type":"Feature","properties":{"osm_id":1281099796,"waterway":"","water":"pond","natural":"water","name":"","name:zh":"","width":"","_kind":"water"},"geometry":{"type":"Polygon","coordinates":[[[113.0685013,25.9488884],[113.0682693,25.9483864],[113.0689165,25.948742],[113.0685013,25.9488884]]]}},{"type":"Feature","properties":{"osm_id":1281099805,"waterway":"","water":"pond","natural":"water","name":"","name:zh":"","width":"","_kind":"water"},"geometry":{"type":"Polygon","coordinates":[[[113.0770691,25.9529171],[113.0767682,25.9522699],[113.0780521,25.9534098],[113.0805285,25.9523182],[113.0799771,25.9535017],[113.0783752,25.954378],[113.0772978,25.9538076],[113.0770691,25.9529171]]]}},{"type":"Feature","properties":{"osm_id":1281099807,"waterway":"","water":"pond","natural":"water","name":"","name:zh":"","width":"","_kind":"water"},"geometry":{"type":"Polygon","coordinates":[[[113.0797572,25.9522195],[113.0805165,25.9522635],[113.080547,25.9515991],[113.0796514,25.9516156],[113.0797572,25.9522195]]]}},{"type":"Feature","properties":{"osm_id":1281366390,"waterway":"","water":"pond","natural":"water","name":"","name:zh":"","width":"","_kind":"water"},"geometry":{"type":"Polygon","coordinates":[[[113.0993306,25.9434484],[113.0998339,25.9434534],[113.099464,25.9428826],[113.0993306,25.9434484]]]}},{"type":"Feature","properties":{"osm_id":1281366400,"waterway":"","water":"pond","natural":"water","name":"","name:zh":"","width":"","_kind":"water"},"geometry":{"type":"Polygon","coordinates":[[[113.0981833,25.9398236],[113.0995072,25.9395931],[113.1002074,25.9402648],[113.0992927,25.9402404],[113.0993963,25.9410607],[113.0990092,25.9400498],[113.0981833,25.9398236]]]}},{"type":"Feature","properties":{"osm_id":1283469634,"waterway":"","water":"pond","natural":"water","name":"","name:zh":"","width":"","_kind":"water"},"geometry":{"type":"Polygon","coordinates":[[[113.0449395,25.964229],[113.0458147,25.9647721],[113.0460538,25.9639697],[113.0454498,25.9636439],[113.0449395,25.964229]]]}},{"type":"Feature","properties":{"osm_id":1284764701,"waterway":"","water":"pond","natural":"water","name":"","name:zh":"","width":"","_kind":"water"},"geometry":{"type":"Polygon","coordinates":[[[113.0517625,25.9682873],[113.0517143,25.9677874],[113.0509963,25.969043],[113.0530366,25.9706175],[113.0534831,25.969539],[113.0518763,25.9691886],[113.0517625,25.9682873]]]}},{"type":"Feature","properties":{"osm_id":1284764702,"waterway":"","water":"pond","natural":"water","name":"","name:zh":"","width":"","_kind":"water"},"geometry":{"type":"Polygon","coordinates":[[[113.0540915,25.9718742],[113.0545842,25.9721532],[113.0548727,25.9716246],[113.0542766,25.9712698],[113.0540915,25.9718742]]]}},{"type":"Feature","properties":{"osm_id":1284764703,"waterway":"","water":"pond","natural":"water","name":"","name:zh":"","width":"","_kind":"water"},"geometry":{"type":"Polygon","coordinates":[[[113.0561439,25.9713432],[113.0558744,25.971769],[113.0565985,25.9720725],[113.0561439,25.9713432]]]}},{"type":"Feature","properties":{"osm_id":1284764708,"waterway":"","water":"pond","natural":"water","name":"","name:zh":"","width":"","_kind":"water"},"geometry":{"type":"Polygon","coordinates":[[[113.0617784,25.9685315],[113.061844,25.9679232],[113.0623618,25.9682646],[113.0617784,25.9685315]]]}},{"type":"Feature","properties":{"osm_id":1284764711,"waterway":"","water":"pond","natural":"water","name":"","name:zh":"","width":"","_kind":"water"},"geometry":{"type":"Polygon","coordinates":[[[113.0595475,25.9704516],[113.0597937,25.9699858],[113.0593166,25.9699766],[113.0595475,25.9704516]]]}},{"type":"Feature","properties":{"osm_id":1284764720,"waterway":"","water":"pond","natural":"water","name":"","name:zh":"","width":"","_kind":"water"},"geometry":{"type":"Polygon","coordinates":[[[113.0569205,25.9666292],[113.0571888,25.9648674],[113.0560952,25.9658141],[113.0569205,25.9666292]]]}},{"type":"Feature","properties":{"osm_id":1284764723,"waterway":"","water":"pond","natural":"water","name":"","name:zh":"","width":"","_kind":"water"},"geometry":{"type":"Polygon","coordinates":[[[113.0664065,25.9616935],[113.0663269,25.9609019],[113.0648952,25.9616425],[113.0664065,25.9616935]]]}},{"type":"Feature","properties":{"osm_id":1284764778,"waterway":"","water":"pond","natural":"water","name":"","name:zh":"","width":"","_kind":"water"},"geometry":{"type":"Polygon","coordinates":[[[113.0559996,25.9613542],[113.0569846,25.9600847],[113.0556925,25.9595493],[113.0559996,25.9613542]]]}},{"type":"Feature","properties":{"osm_id":1288576755,"waterway":"","water":"pond","natural":"water","name":"","name:zh":"","width":"","_kind":"water"},"geometry":{"type":"Polygon","coordinates":[[[113.0100266,26.0451862],[113.0096079,26.0455079],[113.0089148,26.0447529],[113.0100266,26.0451862]]]}},{"type":"Feature","properties":{"osm_id":1288576756,"waterway":"","water":"pond","natural":"water","name":"","name:zh":"","width":"","_kind":"water"},"geometry":{"type":"Polygon","coordinates":[[[113.0108466,26.0432586],[113.0113548,26.0424076],[113.0103471,26.0429421],[113.0108466,26.0432586]]]}},{"type":"Feature","properties":{"osm_id":1288576757,"waterway":"","water":"pond","natural":"water","name":"","name:zh":"","width":"","_kind":"water"},"geometry":{"type":"Polygon","coordinates":[[[113.0183485,26.046447],[113.0189054,26.0461977],[113.0186342,26.0455355],[113.0167792,26.0456434],[113.0183485,26.046447]]]}},{"type":"Feature","properties":{"osm_id":1288576759,"waterway":"","water":"pond","natural":"water","name":"","name:zh":"","width":"","_kind":"water"},"geometry":{"type":"Polygon","coordinates":[[[113.0149697,26.0449607],[113.0155742,26.0444083],[113.0142244,26.0433406],[113.0149697,26.0449607]]]}},{"type":"Feature","properties":{"osm_id":1318392368,"waterway":"","water":"river","natural":"water","name":"","name:zh":"","width":"","_kind":"water"},"geometry":{"type":"Polygon","coordinates":[[[113.0056486,26.0053529],[113.0078555,26.0045148],[113.0115494,26.0044644],[113.0117316,26.0037257],[113.0056699,26.0042588],[113.0049414,26.0052409],[113.0050581,26.0062692],[113.0073511,26.0076375],[113.0077107,26.0070961],[113.0056838,26.0061443],[113.0056486,26.0053529]]]}},{"type":"Feature","properties":{"osm_id":1318392369,"waterway":"","water":"river","natural":"water","name":"","name:zh":"","width":"","_kind":"water"},"geometry":{"type":"Polygon","coordinates":[[[113.0116195,26.0044267],[113.0208527,26.0041403],[113.0233895,26.0021489],[113.0231619,26.0015277],[113.0199542,26.0036214],[113.0117316,26.0037257],[113.0116195,26.0044267]]]}},{"type":"Feature","properties":{"osm_id":1384512160,"waterway":"","water":"pond","natural":"water","name":"","name:zh":"","width":"","_kind":"water"},"geometry":{"type":"Polygon","coordinates":[[[113.1378139,25.9154862],[113.1369386,25.915392],[113.1368271,25.9161306],[113.1375402,25.9181977],[113.1382939,25.9180275],[113.1378139,25.9154862]]]}},{"type":"Feature","properties":{"osm_id":1384512162,"waterway":"","water":"","natural":"","name":"","name:zh":"","width":"","_kind":"water"},"geometry":{"type":"Polygon","coordinates":[[[113.1352463,25.9188904],[113.1360915,25.9190071],[113.1355021,25.9178435],[113.1352463,25.9188904]]]}},{"type":"Feature","properties":{"osm_id":1384512163,"waterway":"","water":"","natural":"","name":"","name:zh":"","width":"","_kind":"water"},"geometry":{"type":"Polygon","coordinates":[[[113.1347978,25.9182936],[113.1351941,25.9177524],[113.1346022,25.9176117],[113.1347978,25.9182936]]]}},{"type":"Feature","properties":{"osm_id":1384512164,"waterway":"","water":"pond","natural":"water","name":"","name:zh":"","width":"","_kind":"water"},"geometry":{"type":"Polygon","coordinates":[[[113.1367518,25.9161406],[113.1352395,25.916781],[113.1363752,25.9176755],[113.1371226,25.9175326],[113.1367518,25.9161406]]]}},{"type":"Feature","properties":{"osm_id":1384512165,"waterway":"","water":"pond","natural":"water","name":"","name:zh":"","width":"","_kind":"water"},"geometry":{"type":"Polygon","coordinates":[[[113.1380817,25.9181624],[113.1375639,25.9187922],[113.1384466,25.9187181],[113.1380817,25.9181624]]]}},{"type":"Feature","properties":{"osm_id":1384512166,"waterway":"","water":"pond","natural":"water","name":"","name:zh":"","width":"","_kind":"water"},"geometry":{"type":"Polygon","coordinates":[[[113.1373815,25.9181836],[113.1372049,25.9176279],[113.1365106,25.9178078],[113.1373815,25.9181836]]]}},{"type":"Feature","properties":{"osm_id":1384512170,"waterway":"","water":"pond","natural":"water","name":"","name:zh":"","width":"","_kind":"water"},"geometry":{"type":"Polygon","coordinates":[[[113.1381591,25.9154844],[113.1394772,25.9156273],[113.1383315,25.9148795],[113.1381591,25.9154844]]]}},{"type":"Feature","properties":{"osm_id":1384512171,"waterway":"","water":"pond","natural":"water","name":"","name:zh":"","width":"","_kind":"water"},"geometry":{"type":"Polygon","coordinates":[[[113.1380679,25.9154571],[113.1372331,25.9151045],[113.1381557,25.9148886],[113.1380679,25.9154571]]]}},{"type":"Feature","properties":{"osm_id":1384512172,"waterway":"","water":"pond","natural":"water","name":"","name:zh":"","width":"","_kind":"water"},"geometry":{"type":"Polygon","coordinates":[[[113.1412247,25.913036],[113.1408426,25.9123474],[113.1394541,25.9126932],[113.1397744,25.9132213],[113.1412247,25.913036]]]}},{"type":"Feature","properties":{"osm_id":1384512173,"waterway":"","water":"","natural":"water","name":"","name:zh":"","width":"","_kind":"water"},"geometry":{"type":"Polygon","coordinates":[[[113.1480648,25.9133715],[113.1465743,25.9114618],[113.1453032,25.9112964],[113.1467304,25.9109162],[113.1471493,25.9094758],[113.1477239,25.9093458],[113.1473195,25.9107516],[113.147887,25.9110017],[113.1473841,25.9115172],[113.1480648,25.9133715]]]}},{"type":"Feature","properties":{"osm_id":1384512178,"waterway":"","water":"","natural":"water","name":"","name:zh":"","width":"","_kind":"water"},"geometry":{"type":"Polygon","coordinates":[[[113.1314481,25.9176929],[113.1311118,25.9169798],[113.1292464,25.9177407],[113.1295013,25.9182914],[113.1314481,25.9176929]]]}},{"type":"Feature","properties":{"osm_id":1384516425,"waterway":"","water":"","natural":"water","name":"","name:zh":"","width":"","_kind":"water"},"geometry":{"type":"Polygon","coordinates":[[[113.1550259,25.9144704],[113.1523249,25.9163612],[113.1543798,25.9166828],[113.1570118,25.9157335],[113.1568309,25.9151059],[113.155909,25.9154972],[113.1550259,25.9144704]]]}},{"type":"Feature","properties":{"osm_id":1391983246,"waterway":"stream","water":"","natural":"","name":"","name:zh":"","width":"","_kind":"river"},"geometry":{"type":"LineString","coordinates":[[113.0154696,25.5184268],[113.0167399,25.5191854],[113.0203421,25.5194423]]}},{"type":"Feature","properties":{"osm_id":1394471408,"waterway":"stream","water":"","natural":"","name":"","name:zh":"","width":"","_kind":"river"},"geometry":{"type":"LineString","coordinates":[[112.9981085,25.578029],[112.9983279,25.5774161],[113.000201,25.5768507],[112.9993545,25.5745289],[112.9999875,25.5731692],[113.0016834,25.5727866],[113.0034951,25.5706799],[113.0020655,25.5669445],[113.0004942,25.5665832],[112.9977188,25.563606],[112.9966083,25.5613654],[112.9957178,25.5584908],[112.9957171,25.5554264],[112.9965322,25.5538075]]}},{"type":"Feature","properties":{"osm_id":1395140375,"waterway":"river","water":"","natural":"","name":"小溪河","name:zh":"","width":"","_kind":"river"},"geometry":{"type":"LineString","coordinates":[[112.9544986,25.5070994],[112.9600292,25.5074602],[112.9614073,25.5086694],[112.9630456,25.5087224],[112.9703213,25.506206],[112.9743341,25.508462],[112.9757774,25.5085134],[112.9767693,25.5071117],[112.9785703,25.5073356],[112.9796721,25.5062752],[112.9816154,25.5067962],[112.9833473,25.5062348],[112.9842579,25.5037984],[112.9832578,25.502316],[112.9833255,25.5013093],[112.9843793,25.5004973],[112.9842807,25.4997464],[112.9881135,25.498267],[112.9896417,25.498267],[112.990757,25.4969321],[112.9933288,25.496726],[112.9948419,25.4958155],[112.9951221,25.4945341],[112.997461,25.4923126],[112.9979602,25.4901989],[112.9968387,25.4891699],[112.997461,25.4876959],[112.9955076,25.4836019],[112.9957211,25.4818488],[112.9938328,25.4803961],[112.9953241,25.4782508],[112.9942405,25.476425],[112.9941493,25.4741683],[112.995469,25.4719647],[112.9990578,25.4699355],[113.0002057,25.4680806],[112.9996264,25.4670975],[113.0000609,25.4662547],[113.0024803,25.4665647],[113.002373,25.4657462],[113.0036873,25.4649568],[113.0027646,25.4646419],[113.0032956,25.4638573],[113.0042666,25.4640075],[113.007178,25.4613921],[113.0083734,25.4574141],[113.012083,25.4547657],[113.0177275,25.4530464],[113.0188874,25.453703],[113.0196269,25.4571526],[113.0202745,25.4576057],[113.0231801,25.457407],[113.0249721,25.456069],[113.0282015,25.4572363],[113.0276811,25.4559479],[113.0282122,25.4555265],[113.0295582,25.456679]]}},{"type":"Feature","properties":{"osm_id":1395140378,"waterway":"stream","water":"","natural":"","name":"","name:zh":"","width":"","_kind":"river"},"geometry":{"type":"LineString","coordinates":[[113.0226703,25.5392025],[113.0203727,25.5361497],[113.0197669,25.5336828],[113.0183896,25.531859],[113.0190361,25.5296865]]}},{"type":"Feature","properties":{"osm_id":1408483324,"waterway":"stream","water":"","natural":"","name":"","name:zh":"","width":"","_kind":"river"},"geometry":{"type":"LineString","coordinates":[[112.946098,25.4964529],[112.9523525,25.504423],[112.9530779,25.5062122],[112.9544986,25.5070994]]}},{"type":"Feature","properties":{"osm_id":1408483325,"waterway":"stream","water":"","natural":"","name":"","name:zh":"","width":"","_kind":"river"},"geometry":{"type":"LineString","coordinates":[[112.9397629,25.5064091],[112.9431532,25.5073677],[112.9544986,25.5070994]]}},{"type":"Feature","properties":{"osm_id":1408483326,"waterway":"stream","water":"","natural":"","name":"","name:zh":"","width":"","_kind":"river"},"geometry":{"type":"LineString","coordinates":[[112.9648096,25.5161606],[112.9641792,25.5147825],[112.9645761,25.5137078],[112.9615746,25.5110183],[112.9617238,25.508742]]}},{"type":"Feature","properties":{"osm_id":1408483328,"waterway":"stream","water":"","natural":"","name":"","name:zh":"","width":"","_kind":"river"},"geometry":{"type":"LineString","coordinates":[[112.9770323,25.452115],[112.9825551,25.4535313],[112.9831825,25.4541285],[112.9829863,25.4549802],[112.9847189,25.4546513],[112.9872578,25.4552195],[112.9883759,25.4577326],[112.9905645,25.4578924],[112.992764,25.4592486],[112.995237,25.4587206],[112.9993461,25.4592098],[112.999727,25.4603626],[113.002377,25.4607258],[113.0021571,25.4620868],[113.0032956,25.4638573]]}},{"type":"Feature","properties":{"osm_id":1408483329,"waterway":"stream","water":"","natural":"","name":"","name:zh":"","width":"","_kind":"river"},"geometry":{"type":"LineString","coordinates":[[112.983693,25.4605488],[112.9841571,25.4594651],[112.9883169,25.4575969]]}},{"type":"Feature","properties":{"osm_id":1408483330,"waterway":"stream","water":"","natural":"","name":"","name:zh":"","width":"","_kind":"river"},"geometry":{"type":"LineString","coordinates":[[112.9686443,25.4722604],[112.9718853,25.4705824],[112.9742575,25.4682987],[112.9812664,25.4663497],[112.9827137,25.4648815],[112.9825876,25.4623342],[112.9833604,25.4607697]]}},{"type":"Feature","properties":{"osm_id":1408483331,"waterway":"stream","water":"","natural":"","name":"","name:zh":"","width":"","_kind":"river"},"geometry":{"type":"LineString","coordinates":[[112.9833604,25.4607697],[112.983693,25.4605488]]}},{"type":"Feature","properties":{"osm_id":1408483332,"waterway":"stream","water":"","natural":"","name":"","name:zh":"","width":"","_kind":"river"},"geometry":{"type":"LineString","coordinates":[[112.9700172,25.4456681],[112.9710173,25.4483259],[112.9757495,25.4522025],[112.9765754,25.4521689]]}},{"type":"Feature","properties":{"osm_id":1408483333,"waterway":"stream","water":"","natural":"","name":"","name:zh":"","width":"","_kind":"river"},"geometry":{"type":"LineString","coordinates":[[112.9765754,25.4521689],[112.9770323,25.452115]]}},{"type":"Feature","properties":{"osm_id":1408483920,"waterway":"river","water":"","natural":"","name":"","name:zh":"","width":"","_kind":"river"},"geometry":{"type":"LineString","coordinates":[[112.9493741,25.5844203],[112.9535677,25.5906924],[112.9558403,25.5918804],[112.9603832,25.5915761],[112.9622447,25.5939564],[112.964016,25.5942901],[112.9667978,25.5962627],[112.9684754,25.596084],[112.9699265,25.59918],[112.9689638,25.6000099],[112.9686311,25.6014143],[112.9698369,25.6050091],[112.9707429,25.6055313],[112.972228,25.605287],[112.9723401,25.6068837],[112.9752422,25.6108311],[112.9768569,25.6116002],[112.9776294,25.6130466],[112.9784179,25.6124371],[112.9794372,25.6127805],[112.979922,25.6142196],[112.9833776,25.6163311],[112.9844753,25.6184646],[112.9842859,25.6199199],[112.9876057,25.6215729],[112.9880374,25.6239088],[112.9898361,25.6232315],[112.992914,25.6247678],[112.9936905,25.6253067],[112.9943697,25.6275395],[112.9957466,25.6281973],[112.9964629,25.6337423],[113.0000785,25.637592],[112.9978469,25.6409387],[113.0000051,25.6432285],[112.9998919,25.6441857],[113.0014774,25.6448238],[113.0008828,25.6469296],[112.9994672,25.6486397],[113.0004581,25.6499158],[113.0004872,25.6524827],[112.9994598,25.6539224],[112.9971715,25.6545875],[112.9980308,25.6572311],[112.9996933,25.658233],[112.9997922,25.6637914],[113.0044155,25.6644059],[113.0068906,25.6654246],[113.0071801,25.6675628],[113.0081421,25.6677817],[113.0087959,25.6692212],[113.0078059,25.6705513],[113.0085401,25.6712745]]}},{"type":"Feature","properties":{"osm_id":1408483921,"waterway":"stream","water":"","natural":"","name":"","name:zh":"","width":"","_kind":"river"},"geometry":{"type":"LineString","coordinates":[[113.0055997,25.6152826],[113.0024971,25.617069],[112.9978372,25.6242713],[112.997221,25.6240435]]}},{"type":"Feature","properties":{"osm_id":1408483922,"waterway":"stream","water":"","natural":"","name":"","name:zh":"","width":"","_kind":"river"},"geometry":{"type":"LineString","coordinates":[[112.9875064,25.6074484],[112.9885758,25.6096613],[112.9897158,25.6108116],[112.9905354,25.6106449],[112.990825,25.6120063],[112.9929879,25.6130842],[112.9945075,25.6152003],[112.9944952,25.6162449],[112.9959741,25.6178285],[112.9955119,25.619462],[112.9975409,25.6216984],[112.997221,25.6240435],[112.9955683,25.6265233],[112.9955617,25.6280255]]}},{"type":"Feature","properties":{"osm_id":1408485524,"waterway":"river","water":"","natural":"","name":"兆吉洞","name:zh":"","width":"","_kind":"river"},"geometry":{"type":"LineString","coordinates":[[113.0452965,25.623048],[113.0384622,25.6255535],[113.0382476,25.6263177],[113.0357907,25.6278655],[113.0331654,25.628613],[113.0334068,25.6295755],[113.0298386,25.6304948],[113.0285504,25.6317456],[113.0253517,25.6324457],[113.0250678,25.6357916],[113.0260446,25.6383698],[113.022831,25.6399268],[113.022916,25.6415222],[113.0202828,25.644215],[113.0240202,25.6480437],[113.0259455,25.6490391],[113.026526,25.651349],[113.0283522,25.6537354],[113.0264835,25.6592736],[113.0250961,25.6608687],[113.0257473,25.6625021],[113.0294581,25.6662877],[113.0307103,25.6691165],[113.0301899,25.6711832],[113.0281084,25.6721798],[113.0284337,25.6730885],[113.0298484,25.6734256],[113.0306778,25.6759025],[113.0303038,25.6775147],[113.0281409,25.6784966],[113.0293366,25.6819278]]}},{"type":"Feature","properties":{"osm_id":1420066687,"waterway":"","water":"","natural":"water","name":"","name:zh":"","width":"","_kind":"water"},"geometry":{"type":"Polygon","coordinates":[[[112.9795573,26.037431],[112.9795118,26.0365517],[112.9803425,26.0368039],[112.9795573,26.037431]]]}},{"type":"Feature","properties":{"osm_id":1420066701,"waterway":"","water":"","natural":"water","name":"","name:zh":"","width":"","_kind":"water"},"geometry":{"type":"Polygon","coordinates":[[[112.9707625,26.0478574],[112.9719785,26.0464318],[112.9724527,26.0472156],[112.9719747,26.0479449],[112.9726727,26.0488958],[112.9722364,26.0491309],[112.9716447,26.0480438],[112.9707625,26.0478574]]]}},{"type":"Feature","properties":{"osm_id":1420066729,"waterway":"","water":"","natural":"water","name":"","name:zh":"","width":"","_kind":"water"},"geometry":{"type":"Polygon","coordinates":[[[113.0281323,26.0271268],[113.0274323,26.0262832],[113.0284703,26.0268014],[113.0281323,26.0271268]]]}},{"type":"Feature","properties":{"osm_id":1420066734,"waterway":"","water":"","natural":"water","name":"","name:zh":"","width":"","_kind":"water"},"geometry":{"type":"Polygon","coordinates":[[[113.0520305,26.0493081],[113.051655,26.0488651],[113.052535,26.0476928],[113.052755,26.048814],[113.0520305,26.0493081]]]}},{"type":"Feature","properties":{"osm_id":1420066735,"waterway":"","water":"","natural":"water","name":"","name:zh":"","width":"","_kind":"water"},"geometry":{"type":"Polygon","coordinates":[[[113.0533885,26.040829],[113.0522809,26.0405768],[113.0520912,26.0411596],[113.0530178,26.0432161],[113.0533885,26.040829]]]}},{"type":"Feature","properties":{"osm_id":1420066751,"waterway":"","water":"reservoir","natural":"water","name":"","name:zh":"","width":"","_kind":"water"},"geometry":{"type":"Polygon","coordinates":[[[113.030963,25.9993822],[113.0319948,25.9992049],[113.0317255,25.9967535],[113.0326331,25.9946666],[113.0320322,25.9945557],[113.0313885,25.9958865],[113.0299723,25.996682],[113.030963,25.9993822]]]}},{"type":"Feature","properties":{"osm_id":1420066763,"waterway":"","water":"","natural":"water","name":"","name:zh":"","width":"","_kind":"water"},"geometry":{"type":"Polygon","coordinates":[[[112.9846618,26.0083546],[112.9839966,26.0080702],[112.9835352,26.0088585],[112.9846618,26.0083546]]]}},{"type":"Feature","properties":{"osm_id":1420066764,"waterway":"","water":"","natural":"water","name":"","name:zh":"","width":"","_kind":"water"},"geometry":{"type":"Polygon","coordinates":[[[112.9812607,26.0074145],[112.9814538,26.0069613],[112.9822129,26.0074844],[112.9812607,26.0074145]]]}},{"type":"Feature","properties":{"osm_id":1420066770,"waterway":"","water":"","natural":"water","name":"","name:zh":"","width":"","_kind":"water"},"geometry":{"type":"Polygon","coordinates":[[[112.973206,26.0199297],[112.9745632,26.0202671],[112.9740483,26.0189366],[112.973206,26.0199297]]]}},{"type":"Feature","properties":{"osm_id":1420066774,"waterway":"","water":"","natural":"water","name":"","name:zh":"","width":"","_kind":"water"},"geometry":{"type":"Polygon","coordinates":[[[112.9747027,26.0271219],[112.974177,26.0265604],[112.9750165,26.0257337],[112.9747027,26.0271219]]]}},{"type":"Feature","properties":{"osm_id":1420066782,"waterway":"","water":"","natural":"water","name":"","name:zh":"","width":"","_kind":"water"},"geometry":{"type":"Polygon","coordinates":[[[112.9311104,26.0063915],[112.9317059,26.0064052],[112.9321004,26.005379],[112.9311104,26.0063915]]]}},{"type":"Feature","properties":{"osm_id":1420066784,"waterway":"","water":"","natural":"water","name":"","name:zh":"","width":"","_kind":"water"},"geometry":{"type":"Polygon","coordinates":[[[112.9694054,26.0253962],[112.969172,26.0247334],[112.9704568,26.0243936],[112.9694054,26.0253962]]]}},{"type":"Feature","properties":{"osm_id":1420066785,"waterway":"","water":"","natural":"water","name":"","name:zh":"","width":"","_kind":"water"},"geometry":{"type":"Polygon","coordinates":[[[112.9619644,26.0073427],[112.9616723,26.0069336],[112.9608378,26.0076666],[112.9614675,26.0079052],[112.9619644,26.0073427]]]}},{"type":"Feature","properties":{"osm_id":1420066789,"waterway":"","water":"","natural":"water","name":"","name:zh":"","width":"","_kind":"water"},"geometry":{"type":"Polygon","coordinates":[[[112.9841736,26.0128358],[112.9848844,26.0121223],[112.9837773,26.0115256],[112.9841736,26.0128358]]]}},{"type":"Feature","properties":{"osm_id":1420066790,"waterway":"","water":"","natural":"water","name":"","name:zh":"","width":"","_kind":"water"},"geometry":{"type":"Polygon","coordinates":[[[112.9867727,26.0099504],[112.9880601,26.009531],[112.9879045,26.0087162],[112.9869371,26.0082325],[112.9863586,26.0085836],[112.9870698,26.0090217],[112.9867727,26.0099504]]]}},{"type":"Feature","properties":{"osm_id":1420066791,"waterway":"","water":"","natural":"water","name":"","name:zh":"","width":"","_kind":"water"},"geometry":{"type":"Polygon","coordinates":[[[112.9833367,26.0007611],[112.9827172,25.999857],[112.9825455,26.0003633],[112.9833367,26.0007611]]]}},{"type":"Feature","properties":{"osm_id":1420066792,"waterway":"","water":"","natural":"water","name":"","name:zh":"","width":"","_kind":"water"},"geometry":{"type":"Polygon","coordinates":[[[112.9850078,25.9961975],[112.9840556,25.9958768],[112.9833582,25.9976295],[112.9850078,25.9961975]]]}},{"type":"Feature","properties":{"osm_id":1420066793,"waterway":"","water":"","natural":"water","name":"","name:zh":"","width":"","_kind":"water"},"geometry":{"type":"Polygon","coordinates":[[[112.9963696,25.9975933],[112.9942882,25.998008],[112.9932314,25.9971497],[112.9937839,25.9984901],[112.9945832,25.9987167],[112.9965198,25.9984757],[112.9963696,25.9975933]]]}},{"type":"Feature","properties":{"osm_id":1420066795,"waterway":"","water":"","natural":"","name":"","name:zh":"","width":"","_kind":"water"},"geometry":{"type":"Polygon","coordinates":[[[113.0009374,25.9914673],[113.0001301,25.9912841],[113.0000881,25.9930253],[113.0009374,25.9914673]]]}},{"type":"Feature","properties":{"osm_id":1432012354,"waterway":"","water":"","natural":"water","name":"","name:zh":"","width":"","_kind":"water"},"geometry":{"type":"Polygon","coordinates":[[[113.1492121,25.9725969],[113.148437,25.972579],[113.1483285,25.9718513],[113.1472336,25.9721177],[113.1492121,25.9725969]]]}},{"type":"Feature","properties":{"osm_id":1432012357,"waterway":"","water":"","natural":"water","name":"","name:zh":"","width":"","_kind":"water"},"geometry":{"type":"Polygon","coordinates":[[[113.1442601,25.9826356],[113.144553,25.9822172],[113.1436299,25.9807809],[113.1442601,25.9826356]]]}},{"type":"Feature","properties":{"osm_id":1432012360,"waterway":"","water":"","natural":"water","name":"","name:zh":"","width":"","_kind":"water"},"geometry":{"type":"Polygon","coordinates":[[[113.1438695,25.9691004],[113.1451771,25.9680442],[113.1450443,25.9673799],[113.1460322,25.9683017],[113.1450111,25.9685816],[113.1447495,25.9693243],[113.1438695,25.9691004]]]}},{"type":"Feature","properties":{"osm_id":1432021175,"waterway":"","water":"","natural":"water","name":"","name:zh":"","width":"","_kind":"water"},"geometry":{"type":"Polygon","coordinates":[[[113.0478197,25.9775744],[113.0485834,25.9772855],[113.0480202,25.9769571],[113.0486266,25.976272],[113.0476545,25.9758139],[113.0475106,25.976622],[113.0472438,25.9761227],[113.0466988,25.976429],[113.0478197,25.9775744]]]}},{"type":"Feature","properties":{"osm_id":1432021184,"waterway":"","water":"lake","natural":"water","name":"","name:zh":"","width":"","_kind":"water"},"geometry":{"type":"Polygon","coordinates":[[[113.0483321,25.9719055],[113.0478743,25.9722364],[113.0460434,25.9710655],[113.0466993,25.9700982],[113.0461283,25.9691776],[113.0464492,25.9685964],[113.0477054,25.9689229],[113.0470329,25.9696395],[113.0472041,25.971414],[113.0483321,25.9719055]]]}},{"type":"Feature","properties":{"osm_id":1452501373,"waterway":"","water":"","natural":"water","name":"","name:zh":"","width":"","_kind":"water"},"geometry":{"type":"Polygon","coordinates":[[[113.1390929,25.982592],[113.1382322,25.9818881],[113.1387926,25.9817764],[113.1390929,25.982592]]]}},{"type":"Feature","properties":{"osm_id":1452501382,"waterway":"","water":"","natural":"water","name":"","name:zh":"","width":"","_kind":"water"},"geometry":{"type":"Polygon","coordinates":[[[113.1437627,25.9762443],[113.1444173,25.9764502],[113.1436537,25.9767607],[113.1437627,25.9762443]]]}},{"type":"Feature","properties":{"osm_id":1452501551,"waterway":"","water":"","natural":"water","name":"","name:zh":"","width":"","_kind":"water"},"geometry":{"type":"Polygon","coordinates":[[[113.1487268,25.9782343],[113.1492817,25.976567],[113.1511419,25.9762838],[113.1502602,25.9762385],[113.1501543,25.9753302],[113.1501207,25.9762991],[113.1490093,25.9762212],[113.1487268,25.9782343]]]}},{"type":"Feature","properties":{"osm_id":1461276067,"waterway":"stream","water":"","natural":"","name":"","name:zh":"","width":"","_kind":"river"},"geometry":{"type":"LineString","coordinates":[[112.9288423,25.4519184],[112.929152,25.4509736]]}},{"type":"Feature","properties":{"osm_id":1464851928,"waterway":"stream","water":"","natural":"","name":"","name:zh":"","width":"","_kind":"river"},"geometry":{"type":"LineString","coordinates":[[113.0761583,25.9048351],[113.0796706,25.9064573],[113.0840427,25.9052227]]}},{"type":"Feature","properties":{"osm_id":1464851929,"waterway":"stream","water":"","natural":"","name":"","name:zh":"","width":"","_kind":"river"},"geometry":{"type":"LineString","coordinates":[[113.0727197,25.9049829],[113.074211,25.9042678],[113.0757133,25.9047143]]}},{"type":"Feature","properties":{"osm_id":1464851930,"waterway":"stream","water":"","natural":"","name":"","name:zh":"","width":"","_kind":"river"},"geometry":{"type":"LineString","coordinates":[[113.0757133,25.9047143],[113.0759103,25.9047599]]}},{"type":"Feature","properties":{"osm_id":1464851931,"waterway":"stream","water":"","natural":"","name":"","name:zh":"","width":"","_kind":"river"},"geometry":{"type":"LineString","coordinates":[[113.0759103,25.9047599],[113.0760446,25.9048006]]}},{"type":"Feature","properties":{"osm_id":1464851932,"waterway":"stream","water":"","natural":"","name":"","name:zh":"","width":"","_kind":"river"},"geometry":{"type":"LineString","coordinates":[[113.0760446,25.9048006],[113.0761583,25.9048351]]}},{"type":"Feature","properties":{"osm_id":1465790619,"waterway":"","water":"river","natural":"water","name":"","name:zh":"","width":"","_kind":"water"},"geometry":{"type":"Polygon","coordinates":[[[112.929183,25.4533767],[112.9280935,25.4523652],[112.9293843,25.4505712],[112.9294411,25.4516094],[112.9283789,25.4523365],[112.929183,25.4533767]]]}},{"type":"Feature","properties":{"osm_id":1465790620,"waterway":"","water":"river","natural":"water","name":"","name:zh":"","width":"","_kind":"water"},"geometry":{"type":"Polygon","coordinates":[[[112.929266,25.4506431],[112.9284199,25.4493174],[112.9289555,25.4477955],[112.9299927,25.447394],[112.9290863,25.4462428],[112.9297789,25.4452764],[112.9293672,25.444461],[112.9306364,25.4439958],[112.9295367,25.4415034],[112.9307615,25.4440112],[112.9303419,25.4420949],[112.9310327,25.4384872],[112.9302219,25.4347528],[112.9315999,25.4328681],[112.9302973,25.4347239],[112.9310841,25.4385512],[112.930446,25.442302],[112.930884,25.4437384],[112.9305421,25.4445759],[112.9294602,25.4445491],[112.9298902,25.4452885],[112.9291949,25.4462426],[112.9302836,25.447962],[112.9293299,25.4476181],[112.9285659,25.4490266],[112.929266,25.4506431]]]}},{"type":"Feature","properties":{"osm_id":1465791480,"waterway":"stream","water":"","natural":"","name":"","name:zh":"","width":"","_kind":"river"},"geometry":{"type":"LineString","coordinates":[[112.9257498,25.456887],[112.9253087,25.4550419],[112.9234775,25.4537847],[112.9245371,25.4529823],[112.9246794,25.4513765],[112.9262498,25.4507836],[112.9263777,25.4501252]]}},{"type":"Feature","properties":{"osm_id":1465791481,"waterway":"stream","water":"","natural":"","name":"","name:zh":"","width":"","_kind":"river"},"geometry":{"type":"LineString","coordinates":[[112.9258036,25.4572054],[112.9257826,25.4569932]]}},{"type":"Feature","properties":{"osm_id":1465791482,"waterway":"stream","water":"","natural":"","name":"","name:zh":"","width":"","_kind":"river"},"geometry":{"type":"LineString","coordinates":[[112.9257826,25.4569932],[112.9257498,25.456887]]}},{"type":"Feature","properties":{"osm_id":1465794155,"waterway":"drain","water":"","natural":"","name":"右干渠","name:zh":"","width":"","_kind":"river"},"geometry":{"type":"LineString","coordinates":[[112.929152,25.4509736],[112.9280137,25.4493346]]}},{"type":"Feature","properties":{"osm_id":1466918610,"waterway":"","water":"river","natural":"water","name":"","name:zh":"","width":"","_kind":"water"},"geometry":{"type":"Polygon","coordinates":[[[112.9305597,25.4600549],[112.933697,25.4602149],[112.9358717,25.4569972],[112.9348569,25.4550695],[112.9340724,25.4550014],[112.9335237,25.4559641],[112.9303733,25.4559071],[112.9299346,25.4550563],[112.9306189,25.4539043],[112.9299079,25.4530892],[112.9289992,25.453461],[112.930325,25.453525],[112.9295926,25.4550807],[112.9302319,25.4560506],[112.9335415,25.456145],[112.9342288,25.4551753],[112.9355285,25.456126],[112.9356193,25.4571641],[112.9337897,25.4598884],[112.9305597,25.4600549]]]}},{"type":"Feature","properties":{"osm_id":1466933943,"waterway":"","water":"river","natural":"water","name":"","name:zh":"","width":"","_kind":"water"},"geometry":{"type":"Polygon","coordinates":[[[113.0357724,25.5150727],[113.0362341,25.5151737],[113.0367698,25.5125886],[113.0347174,25.5089951],[113.0361671,25.5085439],[113.03651,25.5074827],[113.0314888,25.5012827],[113.0312621,25.5002408],[113.0351544,25.4944889],[113.0352246,25.49311],[113.0321505,25.4910508],[113.0342486,25.488161],[113.0322481,25.4868874],[113.0309807,25.4844498],[113.0313735,25.4834678],[113.0339691,25.4827303],[113.0352017,25.4802117],[113.0354081,25.4784842],[113.0341967,25.4752871],[113.0361178,25.4744928],[113.0361581,25.4735958],[113.0352176,25.4691044],[113.0324041,25.4669015],[113.033265,25.465425],[113.032979,25.4644002],[113.0290069,25.4599272],[113.0297695,25.4588909],[113.0292818,25.4572548],[113.0304803,25.4559632],[113.0304395,25.4546414],[113.0351294,25.4539495],[113.0380218,25.4515575],[113.0383485,25.4494665],[113.0401661,25.4490385],[113.0407116,25.4480427],[113.0400378,25.4488449],[113.0380209,25.4492623],[113.0381765,25.4510101],[113.0350763,25.4537211],[113.0304115,25.4543123],[113.0301882,25.4559466],[113.0290986,25.4572335],[113.0295341,25.4589906],[113.0287153,25.4602114],[113.0302134,25.4610731],[113.0329105,25.4647485],[113.0322705,25.4673987],[113.0348618,25.4690044],[113.0359352,25.4737941],[113.0356485,25.474511],[113.0338821,25.4752314],[113.0349266,25.4801999],[113.0336629,25.482521],[113.0327494,25.4832547],[113.0311077,25.4833503],[113.0307968,25.4844684],[113.0315732,25.4864376],[113.0338928,25.4884734],[113.0316086,25.4909399],[113.0349988,25.4931672],[113.0347925,25.4945253],[113.0314058,25.4991522],[113.0310838,25.5005086],[113.032728,25.5035662],[113.0362956,25.507436],[113.0361429,25.5083966],[113.0344909,25.5091372],[113.0363351,25.5120358],[113.0357724,25.5150727]]]}},{"type":"Feature","properties":{"osm_id":1466933944,"waterway":"","water":"river","natural":"water","name":"","name:zh":"","width":"","_kind":"water"},"geometry":{"type":"Polygon","coordinates":[[[113.029414,25.4566191],[113.0282543,25.4555789],[113.0277526,25.4559594],[113.0281703,25.4573249],[113.0248949,25.4560997],[113.0229549,25.4575663],[113.0202871,25.457646],[113.0190524,25.455825],[113.0188407,25.4537566],[113.0179015,25.4530476],[113.0104895,25.4555071],[113.0084148,25.4574437],[113.0070178,25.460595],[113.0072295,25.4613963],[113.0060963,25.4628206],[113.0042899,25.4640402],[113.0032702,25.463959],[113.0042054,25.4639689],[113.0060449,25.4626685],[113.0072097,25.46118],[113.0068838,25.4605787],[113.0082575,25.4574533],[113.0103791,25.4554495],[113.0172365,25.4530137],[113.018769,25.4533997],[113.0196035,25.4569241],[113.0206314,25.4576343],[113.0230733,25.4573884],[113.024923,25.4559679],[113.0281404,25.4571714],[113.0276057,25.4560793],[113.0281353,25.4554686],[113.029414,25.4566191]]]}},{"type":"Feature","properties":{"osm_id":1466933945,"waterway":"","water":"river","natural":"water","name":"","name:zh":"","width":"","_kind":"water"},"geometry":{"type":"Polygon","coordinates":[[[113.0032927,25.4638262],[113.0027249,25.4648454],[113.0036091,25.4650711],[113.0023261,25.4656003],[113.0023528,25.4665855],[113.0014879,25.4660427],[113.0000063,25.4662343],[112.999506,25.4669518],[113.0001509,25.4680944],[112.998943,25.4699724],[112.9969794,25.4706121],[112.9941453,25.4738764],[112.9940687,25.476164],[112.9952716,25.4780409],[112.994151,25.476183],[112.9942435,25.4738257],[112.9971599,25.4705895],[112.9990347,25.4700018],[113.0002467,25.4680486],[112.999666,25.4670327],[113.0000788,25.4662978],[113.0025058,25.4665887],[113.0024157,25.4656512],[113.0036801,25.4650852],[113.0028046,25.464803],[113.0032927,25.4638262]]]}},{"type":"Feature","properties":{"osm_id":1467941323,"waterway":"ditch","water":"","natural":"","name":"","name:zh":"","width":"","_kind":"river"},"geometry":{"type":"LineString","coordinates":[[112.9403175,25.4500118],[112.9416643,25.4480407],[112.9411368,25.4464174],[112.9419027,25.4451752]]}},{"type":"Feature","properties":{"osm_id":1467941324,"waterway":"ditch","water":"","natural":"","name":"","name:zh":"","width":"","_kind":"river"},"geometry":{"type":"LineString","coordinates":[[112.940267,25.4500942],[112.9402934,25.4500481]]}},{"type":"Feature","properties":{"osm_id":1467941325,"waterway":"ditch","water":"","natural":"","name":"","name:zh":"","width":"","_kind":"river"},"geometry":{"type":"LineString","coordinates":[[112.9402934,25.4500481],[112.9403175,25.4500118]]}},{"type":"Feature","properties":{"osm_id":1467941327,"waterway":"ditch","water":"","natural":"","name":"","name:zh":"","width":"","_kind":"river"},"geometry":{"type":"LineString","coordinates":[[112.9459999,25.4511743],[112.9457782,25.449963],[112.9465642,25.4491708],[112.9456897,25.4474715],[112.9477191,25.4473002]]}},{"type":"Feature","properties":{"osm_id":1468399324,"waterway":"ditch","water":"","natural":"","name":"","name:zh":"","width":"","_kind":"river"},"geometry":{"type":"LineString","coordinates":[[112.941934,25.4508012],[112.9419981,25.4507319]]}},{"type":"Feature","properties":{"osm_id":1468399325,"waterway":"ditch","water":"","natural":"","name":"","name:zh":"","width":"","_kind":"river"},"geometry":{"type":"LineString","coordinates":[[112.9419256,25.4508103],[112.941934,25.4508012]]}},{"type":"Feature","properties":{"osm_id":1468399326,"waterway":"ditch","water":"","natural":"","name":"","name:zh":"","width":"","_kind":"river"},"geometry":{"type":"LineString","coordinates":[[112.9419981,25.4507319],[112.9424981,25.4495932]]}},{"type":"Feature","properties":{"osm_id":1468417233,"waterway":"","water":"river","natural":"water","name":"","name:zh":"","width":"","_kind":"water"},"geometry":{"type":"Polygon","coordinates":[[[113.0362064,25.5150958],[113.0335655,25.5162148],[113.0264921,25.5162674],[113.0240568,25.5182931],[113.0217802,25.517927],[113.0203024,25.5199213],[113.0202217,25.5225353],[113.0211126,25.5256117],[113.01861,25.5278614],[113.0191136,25.5296454],[113.0165549,25.5313864],[113.018923,25.5295721],[113.0184742,25.5277831],[113.020966,25.5253117],[113.0200466,25.5222512],[113.0201798,25.5198426],[113.0216462,25.5178637],[113.0225989,25.5175848],[113.0239173,25.5181705],[113.0265166,25.5159884],[113.0305673,25.5162829],[113.0362064,25.5150958]]]}},{"type":"Feature","properties":{"osm_id":1469650493,"waterway":"stream","water":"","natural":"","name":"","name:zh":"","width":"","_kind":"river"},"geometry":{"type":"LineString","coordinates":[[112.8916398,25.5015322],[112.8996626,25.501322],[112.9033445,25.5021894],[112.9065639,25.5010368],[112.9097077,25.5033057],[112.9150941,25.5027886],[112.9156314,25.5013046]]}},{"type":"Feature","properties":{"osm_id":1469650494,"waterway":"stream","water":"","natural":"","name":"","name:zh":"","width":"","_kind":"river"},"geometry":{"type":"LineString","coordinates":[[112.8867443,25.5109637],[112.885611,25.5098183],[112.885173,25.5080083],[112.886219,25.5067488],[112.8856396,25.5060334],[112.8870026,25.502851]]}},{"type":"Feature","properties":{"osm_id":1469650495,"waterway":"stream","water":"","natural":"","name":"","name:zh":"","width":"","_kind":"river"},"geometry":{"type":"LineString","coordinates":[[112.8870026,25.502851],[112.8870205,25.5027528]]}},{"type":"Feature","properties":{"osm_id":1469650496,"waterway":"stream","water":"","natural":"","name":"","name:zh":"","width":"","_kind":"river"},"geometry":{"type":"LineString","coordinates":[[112.8870205,25.5027528],[112.8879436,25.5012619],[112.8892324,25.5021178],[112.8895211,25.5014722],[112.8905832,25.501932],[112.8915175,25.5015138]]}},{"type":"Feature","properties":{"osm_id":1469650497,"waterway":"stream","water":"","natural":"","name":"","name:zh":"","width":"","_kind":"river"},"geometry":{"type":"LineString","coordinates":[[112.8915175,25.5015138],[112.8916398,25.5015322]]}},{"type":"Feature","properties":{"osm_id":1469650498,"waterway":"stream","water":"","natural":"","name":"","name:zh":"","width":"","_kind":"river"},"geometry":{"type":"LineString","coordinates":[[112.9142608,25.491787],[112.9149369,25.4906363],[112.9145671,25.4892411],[112.9167564,25.4894893],[112.9189336,25.4865033],[112.9194991,25.4821646],[112.9182752,25.4810287]]}},{"type":"Feature","properties":{"osm_id":1469650499,"waterway":"stream","water":"","natural":"","name":"","name:zh":"","width":"","_kind":"river"},"geometry":{"type":"LineString","coordinates":[[112.9141754,25.4920844],[112.9142608,25.491787]]}},{"type":"Feature","properties":{"osm_id":1469650500,"waterway":"stream","water":"","natural":"","name":"","name:zh":"","width":"","_kind":"river"},"geometry":{"type":"LineString","coordinates":[[112.915611,25.5012064],[112.9157146,25.4958502],[112.9141754,25.4920844]]}},{"type":"Feature","properties":{"osm_id":1469650501,"waterway":"stream","water":"","natural":"","name":"","name:zh":"","width":"","_kind":"river"},"geometry":{"type":"LineString","coordinates":[[112.9156314,25.5013046],[112.915611,25.5012064]]}},{"type":"Feature","properties":{"osm_id":1469650502,"waterway":"stream","water":"","natural":"","name":"","name:zh":"","width":"","_kind":"river"},"geometry":{"type":"LineString","coordinates":[[112.9216966,25.4751358],[112.9252142,25.474205],[112.9237495,25.4717631]]}},{"type":"Feature","properties":{"osm_id":1469650503,"waterway":"stream","water":"","natural":"","name":"","name:zh":"","width":"","_kind":"river"},"geometry":{"type":"LineString","coordinates":[[112.9182752,25.4810287],[112.9183,25.4809696]]}},{"type":"Feature","properties":{"osm_id":1469650504,"waterway":"stream","water":"","natural":"","name":"","name:zh":"","width":"","_kind":"river"},"geometry":{"type":"LineString","coordinates":[[112.9183,25.4809696],[112.9193826,25.4795445],[112.9185907,25.477955],[112.9192821,25.476454]]}},{"type":"Feature","properties":{"osm_id":1469650505,"waterway":"stream","water":"","natural":"","name":"","name:zh":"","width":"","_kind":"river"},"geometry":{"type":"LineString","coordinates":[[112.9192821,25.476454],[112.9193844,25.4763811]]}},{"type":"Feature","properties":{"osm_id":1469650506,"waterway":"stream","water":"","natural":"","name":"","name:zh":"","width":"","_kind":"river"},"geometry":{"type":"LineString","coordinates":[[112.9193844,25.4763811],[112.9215688,25.4752174]]}},{"type":"Feature","properties":{"osm_id":1469650507,"waterway":"stream","water":"","natural":"","name":"","name:zh":"","width":"","_kind":"river"},"geometry":{"type":"LineString","coordinates":[[112.9215688,25.4752174],[112.9216966,25.4751358]]}},{"type":"Feature","properties":{"osm_id":1469650736,"waterway":"stream","water":"","natural":"","name":"","name:zh":"","width":"","_kind":"river"},"geometry":{"type":"LineString","coordinates":[[112.9376654,25.4762657],[112.9364697,25.4766372],[112.9340198,25.4753633],[112.9331777,25.4763629],[112.9329655,25.4749173],[112.9318632,25.474825],[112.9312435,25.4756143],[112.9296389,25.4740066],[112.9285213,25.4744617],[112.9277342,25.4739492],[112.9279399,25.4735208],[112.9271438,25.4734704],[112.9264066,25.474132],[112.9254372,25.4727239]]}},{"type":"Feature","properties":{"osm_id":1469650737,"waterway":"stream","water":"","natural":"","name":"","name:zh":"","width":"","_kind":"river"},"geometry":{"type":"LineString","coordinates":[[112.9426985,25.4841182],[112.9435266,25.4814521],[112.9431245,25.4791314],[112.9377767,25.4762775]]}},{"type":"Feature","properties":{"osm_id":1469650738,"waterway":"stream","water":"","natural":"","name":"","name:zh":"","width":"","_kind":"river"},"geometry":{"type":"LineString","coordinates":[[112.9377767,25.4762775],[112.9376654,25.4762657]]}},{"type":"Feature","properties":{"osm_id":1469651151,"waterway":"stream","water":"","natural":"","name":"","name:zh":"","width":"","_kind":"river"},"geometry":{"type":"LineString","coordinates":[[112.9254372,25.4727239],[112.9248851,25.4726428]]}},{"type":"Feature","properties":{"osm_id":1469651152,"waterway":"stream","water":"","natural":"","name":"","name:zh":"","width":"","_kind":"river"},"geometry":{"type":"LineString","coordinates":[[112.9248042,25.472633],[112.9247061,25.4725912]]}},{"type":"Feature","properties":{"osm_id":1469651153,"waterway":"stream","water":"","natural":"","name":"","name:zh":"","width":"","_kind":"river"},"geometry":{"type":"LineString","coordinates":[[112.9248851,25.4726428],[112.9248042,25.472633]]}},{"type":"Feature","properties":{"osm_id":1469702854,"waterway":"stream","water":"","natural":"","name":"","name:zh":"","width":"","_kind":"river"},"geometry":{"type":"LineString","coordinates":[[112.9333455,25.4663295],[112.9342859,25.4652372],[112.9337097,25.4649915],[112.9335353,25.4635443],[112.9343758,25.4627159],[112.9337761,25.4603077]]}},{"type":"Feature","properties":{"osm_id":1469702855,"waterway":"stream","water":"","natural":"","name":"","name:zh":"","width":"","_kind":"river"},"geometry":{"type":"LineString","coordinates":[[112.9337427,25.4602183],[112.9336476,25.4600974]]}},{"type":"Feature","properties":{"osm_id":1469702856,"waterway":"stream","water":"","natural":"","name":"","name:zh":"","width":"","_kind":"river"},"geometry":{"type":"LineString","coordinates":[[112.9337761,25.4603077],[112.9337427,25.4602183]]}},{"type":"Feature","properties":{"osm_id":1469702857,"waterway":"stream","water":"","natural":"","name":"","name:zh":"","width":"","_kind":"river"},"geometry":{"type":"LineString","coordinates":[[112.9440656,25.4741354],[112.9425976,25.4732668],[112.9423993,25.4713295],[112.941445,25.4699988],[112.9417614,25.4690478],[112.9394725,25.4657854],[112.9394714,25.4648697],[112.9384066,25.4645845],[112.9380741,25.4637584],[112.9346614,25.4627289],[112.9341145,25.4607905]]}},{"type":"Feature","properties":{"osm_id":1469702858,"waterway":"stream","water":"","natural":"","name":"","name:zh":"","width":"","_kind":"river"},"geometry":{"type":"LineString","coordinates":[[112.9340691,25.4607856],[112.9339984,25.4607268]]}},{"type":"Feature","properties":{"osm_id":1469702859,"waterway":"stream","water":"","natural":"","name":"","name:zh":"","width":"","_kind":"river"},"geometry":{"type":"LineString","coordinates":[[112.9341145,25.4607905],[112.9340691,25.4607856]]}},{"type":"Feature","properties":{"osm_id":1469702869,"waterway":"stream","water":"","natural":"","name":"","name:zh":"","width":"","_kind":"river"},"geometry":{"type":"LineString","coordinates":[[112.8671252,25.4595496],[112.867911,25.4569147],[112.8726575,25.4510076],[112.8742057,25.4480266]]}},{"type":"Feature","properties":{"osm_id":1469702870,"waterway":"stream","water":"","natural":"","name":"","name:zh":"","width":"","_kind":"river"},"geometry":{"type":"LineString","coordinates":[[112.87884,25.4586177],[112.8797923,25.4578338],[112.8782378,25.4538971],[112.8789429,25.4528186],[112.8771808,25.4501264],[112.8771471,25.4488007],[112.8794665,25.447318]]}},{"type":"Feature","properties":{"osm_id":1476161754,"waterway":"","water":"reservoir","natural":"water","name":"","name:zh":"","width":"","_kind":"water"},"geometry":{"type":"Polygon","coordinates":[[[113.1857052,25.7271049],[113.1863489,25.7274625],[113.1855657,25.726177],[113.1857052,25.7271049]]]}},{"type":"Feature","properties":{"osm_id":1476161757,"waterway":"","water":"basin","natural":"water","name":"","name:zh":"","width":"","_kind":"water"},"geometry":{"type":"Polygon","coordinates":[[[113.1763389,25.726409],[113.1772723,25.726728],[113.1759097,25.7310968],[113.1747295,25.7300723],[113.1763389,25.726409]]]}},{"type":"Feature","properties":{"osm_id":1502471229,"waterway":"stream","water":"","natural":"","name":"","name:zh":"","width":"","_kind":"river"},"geometry":{"type":"LineString","coordinates":[[112.977234,25.5922155],[112.978238,25.5919501],[112.9796904,25.5931926],[112.9802044,25.5969628],[112.9808273,25.5972884],[112.9804522,25.5982587],[112.9813157,25.5987056],[112.982235,25.6016038],[112.9838855,25.6027286]]}},{"type":"Feature","properties":{"osm_id":1502471230,"waterway":"stream","water":"","natural":"","name":"","name:zh":"","width":"","_kind":"river"},"geometry":{"type":"LineString","coordinates":[[112.98714,25.6074775],[112.9875064,25.6074484]]}},{"type":"Feature","properties":{"osm_id":1502471231,"waterway":"stream","water":"","natural":"","name":"","name:zh":"","width":"","_kind":"river"},"geometry":{"type":"LineString","coordinates":[[112.9839957,25.6027371],[112.9871277,25.6042101],[112.98714,25.6074775]]}},{"type":"Feature","properties":{"osm_id":1502471232,"waterway":"stream","water":"","natural":"","name":"","name:zh":"","width":"","_kind":"river"},"geometry":{"type":"LineString","coordinates":[[112.9838855,25.6027286],[112.9839957,25.6027371]]}},{"type":"Feature","properties":{"osm_id":3123844,"waterway":"","water":"reservoir","natural":"water","name":"石灰坝水库","name:zh":"Shihuiba Reservoir","type":"relation","_kind":"water"},"geometry":{"type":"Polygon","coordinates":[[[113.2211697,25.981243],[113.2201211,25.9807313],[113.2207877,25.9797954],[113.2208551,25.977486],[113.2196493,25.9764221],[113.2184359,25.979048],[113.2199264,25.9800917],[113.2195144,25.9812565],[113.2208851,25.9815393],[113.2203084,25.9826569],[113.2177094,25.982832],[113.2171252,25.983889],[113.218361,25.9841247],[113.2195294,25.9829128],[113.2204282,25.9831619],[113.2209675,25.9826233],[113.221357,25.9834783],[113.2192898,25.9843671],[113.2183685,25.985929],[113.2193422,25.9862859],[113.2201211,25.984798],[113.2212746,25.9842459],[113.2226677,25.984569],[113.2228774,25.9857742],[113.2264351,25.9832157],[113.2273863,25.9805832],[113.2261355,25.9804351],[113.2257985,25.9811757]]]}},{"type":"Feature","properties":{"osm_id":6024200,"waterway":"","water":"reservoir","natural":"water","name":"杨冲水库","name:zh":"Yangchong Reservoir","type":"relation","_kind":"water"},"geometry":{"type":"Polygon","coordinates":[[[113.1580199,25.9682071],[113.1563571,25.9685658],[113.1561513,25.9691469],[113.1576588,25.9687388],[113.1571314,25.9693389],[113.1576187,25.9694867],[113.1588271,25.9684096],[113.1593353,25.9689254],[113.1596125,25.966953],[113.160392,25.9680573],[113.1609372,25.9676649],[113.1619862,25.9685248],[113.1615691,25.9676621],[113.1623994,25.9677596],[113.1623372,25.9670871],[113.1608138,25.9669159]]]}},{"type":"Feature","properties":{"osm_id":6346165,"waterway":"","water":"reservoir","natural":"water","name":"高峰水库","name:zh":"高峰水库","type":"relation","_kind":"water"},"geometry":{"type":"Polygon","coordinates":[[[113.1314349,25.7166271],[113.1298685,25.7172264],[113.1284094,25.718773],[113.1260705,25.7180577],[113.126682,25.7187826],[113.1251264,25.7188116],[113.1255019,25.7195366],[113.1248045,25.7201262],[113.1221437,25.7190629],[113.1201579,25.719618],[113.1196453,25.7206022],[113.1201653,25.7228563],[113.1238972,25.7232863],[113.1275122,25.7216389],[113.1278917,25.7232386],[113.1279722,25.7226139],[113.1285958,25.7226441],[113.1281881,25.7214915],[113.1273915,25.7211967],[113.12759,25.7206336],[113.1297505,25.721953],[113.1296003,25.7227843],[113.1302977,25.7233159],[113.1307161,25.7222237],[113.1318533,25.7215277],[113.130995,25.7212764],[113.1309736,25.7198845],[113.1304371,25.7196139],[113.1314027,25.7193432],[113.1303298,25.7189759],[113.1299865,25.7179707],[113.1315422,25.7169364]]]}},{"type":"Feature","properties":{"osm_id":6346980,"waterway":"","water":"reservoir","natural":"water","name":"黄岑水库","name:zh":"黄岑水库","type":"relation","_kind":"water"},"geometry":{"type":"Polygon","coordinates":[[[112.921654,25.4660918],[112.9217342,25.4654798],[112.9223756,25.4658681],[112.9235128,25.4648677],[112.9241761,25.4648348],[112.9243074,25.4655456],[112.9250363,25.4648282],[112.9259839,25.4650125],[112.9276824,25.4640516],[112.9278501,25.4633408],[112.9292205,25.4630249],[112.9293663,25.4626037],[112.9275803,25.4622022],[112.927974,25.4610571],[112.9296068,25.4616757],[112.9306638,25.4608794],[112.9296433,25.4595762],[112.9288269,25.4594906],[112.9287977,25.4584705]]]}},{"type":"Feature","properties":{"osm_id":7559722,"waterway":"","water":"lake","natural":"water","name":"北湖","name:zh":"","type":"relation","_kind":"water"},"geometry":{"type":"Polygon","coordinates":[[[113.0179372,25.8041437],[113.0181625,25.8037307],[113.0190691,25.804559],[113.0183101,25.8028952],[113.0198953,25.8016178],[113.0199677,25.8026924],[113.0214536,25.8032671],[113.0234083,25.8022716],[113.0238384,25.8026062],[113.0227867,25.8050685],[113.0221134,25.8046266],[113.0211344,25.8051892],[113.0222315,25.8051675],[113.0221,25.8055587],[113.0191281,25.8056263],[113.0179372,25.8041437]]]}},{"type":"Feature","properties":{"osm_id":7560243,"waterway":"","water":"river","natural":"water","name":"","name:zh":"","type":"relation","_kind":"water"},"geometry":{"type":"Polygon","coordinates":[[[113.0814359,25.9017635],[113.0807626,25.9019975],[113.0813085,25.9026815],[113.082891,25.9025331],[113.0838069,25.9032461],[113.0843782,25.9050593],[113.0863014,25.9032594],[113.086068,25.9047721],[113.0844882,25.905841],[113.0835199,25.905701],[113.0827622,25.9029542],[113.081236,25.9032533],[113.0801967,25.902094],[113.0809557,25.9008068],[113.0801859,25.8996969],[113.0765945,25.8979102],[113.0737406,25.8926067],[113.0734992,25.8894963],[113.069272,25.8835831],[113.0680919,25.8805147],[113.0668527,25.8809853],[113.0656296,25.8825756],[113.0604154,25.8840597],[113.0597609,25.8834878],[113.057937,25.8744164],[113.0547103,25.8742789],[113.0513468,25.8723433],[113.0491555,25.8745853],[113.048434,25.8744671],[113.0510598,25.8719138],[113.0551127,25.8739217],[113.0580389,25.8739627],[113.0587527,25.8748008],[113.0604476,25.883799],[113.0648947,25.8826263],[113.0668996,25.8804689],[113.0684888,25.8803904],[113.0694021,25.8832597],[113.0737956,25.8887133],[113.0747652,25.8934343],[113.07697,25.8976737],[113.0812642,25.8999418],[113.0817819,25.9008876],[113.0814359,25.9017635]]]}},{"type":"Feature","properties":{"osm_id":7560244,"waterway":"","water":"river","natural":"water","name":"","name:zh":"","type":"relation","_kind":"water"},"geometry":{"type":"Polygon","coordinates":[[[113.0471867,25.8739917],[113.0467696,25.8727874],[113.0497885,25.8700772],[113.0496919,25.8689453],[113.0459905,25.8697441],[113.0420423,25.8662856],[113.0416346,25.8622092],[113.0351517,25.8611327],[113.0341673,25.8581012],[113.0352724,25.855492],[113.0344181,25.8530457],[113.0315642,25.851805],[113.0297215,25.8518943],[113.0254072,25.8536986],[113.0244979,25.8532497],[113.0245489,25.8509662],[113.0250746,25.8510652],[113.0250934,25.8533945],[113.0274859,25.8527717],[113.0297175,25.8513102],[113.034862,25.8528007],[113.0356881,25.8549393],[113.0346474,25.8582895],[113.035436,25.8603918],[113.0364177,25.8611376],[113.0420423,25.8619485],[113.0427772,25.8666404],[113.0459449,25.8693025],[113.0470929,25.8695245],[113.0487666,25.8684216],[113.0500594,25.8689139],[113.0502203,25.8700627],[113.0474348,25.8732206],[113.0475113,25.8739712],[113.048434,25.8744671],[113.0471867,25.8739917]]]}},{"type":"Feature","properties":{"osm_id":8435028,"waterway":"","water":"river","natural":"water","name":"","name:zh":"","type":"relation","_kind":"water"},"geometry":{"type":"Polygon","coordinates":[[[112.9997197,25.987122],[112.9978983,25.9860259],[112.9939084,25.9810586],[112.994518,25.9760703],[112.9924189,25.9760842],[112.9880044,25.9798237],[112.9866307,25.9801567],[112.986623,25.9806632],[112.9879735,25.980344],[112.9925732,25.9767503],[112.9938852,25.976556],[112.9929437,25.9804065],[112.9981299,25.9870665],[113.0036016,25.9883498],[113.0131946,25.9920196],[113.0136703,25.991694],[113.008273,25.9886986],[112.9997197,25.987122]]]}},{"type":"Feature","properties":{"osm_id":11483558,"waterway":"","water":"lake","natural":"water","name":"爱莲湖","name:zh":"","type":"relation","_kind":"water"},"geometry":{"type":"Polygon","coordinates":[[[113.054531,25.7836631],[113.0558336,25.7819481],[113.0560883,25.7798795],[113.0540458,25.7784931],[113.0534048,25.7789478],[113.0538563,25.780233],[113.0545065,25.779513],[113.0553406,25.7803031],[113.0543545,25.7813546],[113.05423,25.7832285],[113.0532283,25.7841491],[113.054531,25.7836631]]]}},{"type":"Feature","properties":{"osm_id":12489493,"waterway":"","water":"","natural":"water","name":"","name:zh":"","type":"relation","_kind":"water"},"geometry":{"type":"Polygon","coordinates":[[[113.1342405,25.7049788],[113.1333715,25.704371],[113.1345785,25.7019675],[113.1343639,25.7008799],[113.1360215,25.7005077],[113.1360537,25.6990962],[113.1372929,25.700092],[113.1372768,25.6991977],[113.1364936,25.6982116],[113.1353885,25.6979941],[113.1353724,25.6970563],[113.134219,25.6977573],[113.1338811,25.6966213],[113.1333715,25.6967953],[113.1318802,25.6949633],[113.1325883,25.6962153],[113.1324059,25.6978201],[113.1331462,25.6986564],[113.1328297,25.700295],[113.1338113,25.7017306],[113.1323522,25.7042683],[113.132422,25.7064675],[113.1331193,25.7068639]]]}},{"type":"Feature","properties":{"osm_id":12490730,"waterway":"","water":"reservoir","natural":"water","name":"大头城水库","name:zh":"大头城水库","type":"relation","_kind":"water"},"geometry":{"type":"Polygon","coordinates":[[[113.1084108,26.0165696],[113.106544,26.0157356],[113.1061417,26.0140821],[113.1064689,26.0132721],[113.1075311,26.0133589],[113.1076115,26.0148486],[113.1085128,26.0137735],[113.1079012,26.0122067],[113.1065547,26.0119849],[113.106147,26.0125104],[113.1047845,26.0112521],[113.1037277,26.0117632],[113.1032181,26.0109147],[113.1024027,26.0115076],[113.1019896,26.0104615],[113.1007987,26.0102879],[113.1013191,26.0108906],[113.1007934,26.0112425],[113.1020325,26.0120187],[113.1015444,26.0128575]]]}},{"type":"Feature","properties":{"osm_id":12491144,"waterway":"","water":"reservoir","natural":"water","name":"柳泉水库","name:zh":"柳泉水库","type":"relation","_kind":"water"},"geometry":{"type":"Polygon","coordinates":[[[112.9394692,25.9980562],[112.9387665,25.9982732],[112.9387397,25.9990253],[112.9396731,25.9987553],[112.9419315,26.000197],[112.9433477,25.9997437],[112.9430151,25.9985576],[112.9447854,25.9990012],[112.9460031,25.9974631],[112.9463679,25.9956791],[112.9456705,25.9957804],[112.9454237,25.9973088],[112.9440826,25.9977958],[112.9435354,25.9974535],[112.9437447,25.9957225],[112.9425967,25.9979115],[112.9423231,25.9955779],[112.94191,25.998196]]]}},{"type":"Feature","properties":{"osm_id":12852863,"waterway":"","water":"stream","natural":"water","name":"","name:zh":"","type":"relation","_kind":"water"},"geometry":{"type":"Polygon","coordinates":[[[113.026271,25.7923794],[113.0290315,25.7929634],[113.0338313,25.7913302],[113.0336275,25.7916883]]]}},{"type":"Feature","properties":{"osm_id":12925945,"waterway":"","water":"reservoir","natural":"water","name":"四清水库","name:zh":"Siqing Reservoir","type":"relation","_kind":"water"},"geometry":{"type":"Polygon","coordinates":[[[112.8830463,25.700672],[112.8803426,25.7003675],[112.8779125,25.6988159],[112.8770328,25.6990527],[112.8770274,25.7006092],[112.8786957,25.7026635],[112.8784302,25.7049232],[112.8773949,25.7059503],[112.8770167,25.704974],[112.8760484,25.705148],[112.8762361,25.7060325],[112.8754744,25.7065745],[112.8779528,25.7095247],[112.8789103,25.7096238],[112.8791302,25.7109082],[112.8807342,25.7116102],[112.881787,25.7149742],[112.8846975,25.7133785],[112.883749,25.711139],[112.8837973,25.7082752],[112.8850298,25.7073508],[112.8857627,25.7081792],[112.8861093,25.7064023],[112.8880835,25.7066174],[112.8888613,25.7076614],[112.8881934,25.7085966],[112.8890946,25.7093096],[112.890763,25.7092927],[112.8924434,25.7109746],[112.8914738,25.7087924],[112.8919834,25.7084299],[112.8918064,25.7069823],[112.8895587,25.7064627],[112.8878367,25.7039311],[112.8892113,25.7035795],[112.8887849,25.702162],[112.8878407,25.7018901],[112.8868228,25.7001754],[112.8853798,25.6996376],[112.8830463,25.700672]]]}},{"type":"Feature","properties":{"osm_id":13207244,"waterway":"","water":"reservoir","natural":"water","name":"下塔背水库","name:zh":"","type":"relation","_kind":"water"},"geometry":{"type":"Polygon","coordinates":[[[112.7590377,25.7586199],[112.7593914,25.7576472],[112.7579753,25.7571762],[112.7562489,25.7554865],[112.7561719,25.7573915],[112.7590377,25.7586199]]]}},{"type":"Feature","properties":{"osm_id":13212491,"waterway":"","water":"pond","natural":"water","name":"","name:zh":"","type":"relation","_kind":"water"},"geometry":{"type":"Polygon","coordinates":[[[112.7158005,25.7589302],[112.7158037,25.7595553],[112.7166406,25.7596264],[112.7165713,25.7590228],[112.7158005,25.7589302]]]}},{"type":"Feature","properties":{"osm_id":14869306,"waterway":"","water":"river","natural":"water","name":"程江","name:zh":"","type":"relation","_kind":"water"},"geometry":{"type":"Polygon","coordinates":[[[113.1545101,26.040307],[113.1579596,26.037068],[113.1545308,26.0393856],[113.1540271,26.0401687],[113.1545101,26.040307]]]}},{"type":"Feature","properties":{"osm_id":15979854,"waterway":"","water":"reservoir","natural":"water","name":"","name:zh":"","type":"relation","_kind":"water"},"geometry":{"type":"Polygon","coordinates":[[[112.9591989,25.6922867],[112.9588888,25.6926764],[112.9582115,25.6921911],[112.9604076,25.6915322],[112.960917,25.6924423],[112.9591989,25.6922867]]]}},{"type":"Feature","properties":{"osm_id":17362690,"waterway":"","water":"reservoir","natural":"water","name":"杨冲水库","name:zh":"Yangchong Reservoir","type":"relation","_kind":"water"},"geometry":{"type":"Polygon","coordinates":[[[113.1530955,25.9600132],[113.1523027,25.9626939],[113.1532485,25.9624025],[113.1531985,25.9617489],[113.1540657,25.9620709],[113.153566,25.9615413],[113.1541639,25.9612081],[113.1539108,25.9603532],[113.1544783,25.9604103],[113.1545465,25.9613475],[113.1549803,25.9606424],[113.1550856,25.961104],[113.1548752,25.9595697],[113.1556385,25.9595312],[113.1562005,25.9583584],[113.1567281,25.9586186],[113.156697,25.9575984],[113.1556753,25.957177],[113.1551382,25.9583846],[113.1535579,25.9580936],[113.1534604,25.9575769],[113.1534652,25.9581906],[113.1528386,25.9582359],[113.1548194,25.9587954],[113.1540322,25.9592437],[113.1542894,25.9596572],[113.1532281,25.9596626]]]}},{"type":"Feature","properties":{"osm_id":19426757,"waterway":"","water":"","natural":"water","name":"","name:zh":"","type":"relation","_kind":"water"},"geometry":{"type":"Polygon","coordinates":[[[113.0009374,25.9914673],[113.0001301,25.9912841],[113.0000881,25.9930253],[113.0009374,25.9914673]]]}}]}